tconst,averageRating,numVotes,originalTitle,startYear,genres,budget,original_language,overview,poster_path,production_countries,revenue,runtime,spoken_languages,status,production_companies_name,title,region,Titres,actor,actress,director,producer,writer,production_countries_1,production_countries_2,production_countries_3,production_countries_4,production_countries_5,actor_1,actor_2,actor_3,actor_4,actor_5,actress_1,actress_2,actress_3,actress_4,actress_5,director_1,director_2,director_3,director_4,director_5,producer_1,producer_2,producer_3,producer_4,producer_5,writer_1,writer_2,writer_3,writer_4,writer_5,genres_1,genres_2,genres_3;;
"tt0314412,7.4,25649,My Life Without Me,2003,""Drama,Romance"",2500000.0,en,A fatally ill mother with only two months to live creates a list of things she wants to do before she dies without telling her family of her illness.,/sFSkn5rrQqXJkRNa2rMWqzmEuhR.jpg,""CA, ES"",12300000.0,106,['en'],Released,""['El Deseo', 'Milestone Productions']"",Ma vie sans moi,FR,Ma vie sans moi | 2003 | My Life Without Me | My Life Without Me,""Mark Ruffalo, Scott Speedman"",""Leonor Watling, Sarah Polley"",Isabel Coixet,""Esther García, Gordon McLennan"",Nanci Kincaid,CA,ES,-,-,-,Mark Ruffalo,Scott Speedman,-,-,-,Leonor Watling,Sarah Polley,-,-,-,Isabel Coixet,-,-,-,-,Esther García,Gordon McLennan,-,-,-,Nanci Kincaid,-,-,-,-,Drama,Romance,-";;
"tt0314416,5.7,252,Mystics,2003,Comedy,0.0,en,A black comedy about two old-time conmen who pretend to be able to communicate with the dead.,/yJ2uBOlVtqp9VtBtw2yn0VSIu9h.jpg,""IE, GB"",0.0,90,['en'],Released,['Screen Ireland'],Mystics,FR,Mystics | 2003 | Mystics | Mystics,""David Kelly, Liam Cunningham, Milo O'Shea"",Maria Doyle Kennedy,David Blair,Nigel Warren-Green,""Mark O'Sullivan, Wesley Burrowes"",IE,GB,-,-,-,David Kelly,Liam Cunningham,Milo O'Shea,-,-,Maria Doyle Kennedy,-,-,-,-,David Blair,-,-,-,-,Nigel Warren-Green,-,-,-,-,Mark O'Sullivan,Wesley Burrowes,-,-,-,Comedy,-,-";;
"tt0314498,5.7,25975,The Perfect Score,2004,""Comedy,Crime,Drama"",0.0,en,Six high school seniors decide to break into the Princeton Testing Center so they can steal the answers to their upcoming SAT tests and all get perfect scores.,/xflTliVBvCztaLzTJx9luHnSqwD.jpg,""DE, US"",0.0,93,['en'],Released,""['Paramount', 'MTV Films']"",The Perfect Score,FR,The Perfect Score | 2004 | The Perfect Score | The Perfect Score,""Chris Evans, Leonardo Nam"",""Erika Christensen, Scarlett Johansson"",Brian Robbins,""Jonathan Glickman, Roger Birnbaum"",""Jon Zack, Marc Hyman, Mark Schwahn"",DE,US,-,-,-,Chris Evans,Leonardo Nam,-,-,-,Erika Christensen,Scarlett Johansson,-,-,-,Brian Robbins,-,-,-,-,Jonathan Glickman,Roger Birnbaum,-,-,-,Jon Zack,Marc Hyman,Mark Schwahn,-,-,Comedy,Crime,Drama";;
"tt0314524,6.5,5500,Populärmusik från Vittula,2004,""Comedy,Drama"",2224000.0,sv,""Matti and Niila, growing up in the mid-sixties in the harsh and conservative environment of a Finnish-speaking part of Tornedalen in Swedish Laponia, close to the Finnish border. Their big dream is to become rock stars. In the present the now grown-up Matti feels guilt for the death of his drug-addicted rock star friend Niila."",/79nUxKn6kPagIOHcOMsev3UxT38.jpg,""DK, FI, SE"",28000000.0,105,""['fi', 'sv']"",Released,""['Solar Films', 'Happy End Filmproductions', 'Filmpool Nord', 'SF Studios', 'Fine & Mellow Productions']"",Musique rock de Vittula,FR,Musique rock de Vittula | 2004 | Popular Music | Populärmusik från Vittula,""Andreas af Enehielm, Jarmo Mäkinen, Max Enderfors"",Kati Outinen,Reza Bagher,""Joachim Stridsberg, Katinka Faragó"",""Erik Norberg, Mikael Niemi"",DK,FI,SE,-,-,Andreas af Enehielm,Jarmo Mäkinen,Max Enderfors,-,-,Kati Outinen,-,-,-,-,Reza Bagher,-,-,-,-,Joachim Stridsberg,Katinka Faragó,-,-,-,Erik Norberg,Mikael Niemi,-,-,-,Comedy,Drama,-";;
"tt0314624,6.0,376,Science Fiction,2002,""Adventure,Family,Mystery"",0.0,en,""Nine-year old Andreas Decker is the new kid in town. He tells his class that he has lived all over the world on account of his parents being top scientific researchers. Yet classmate Vero finds Andreas's workaholic parents really weird. She suggests to spy on them. When Andreas overhears their conversation about conquering the world and becoming leaders, their can only be one conclusion for the baffled children: Andreas's parents are aliens."",/1Klz4SIhPM9o14f0hBvFz9U4Pyk.jpg,""BE, DE, NL"",0.0,90,""['en', 'fr', 'nl']"",Released,['B&T Film'],Science Fiction,FR,Science Fiction | 2002 | Science Fiction | Science Fiction,""David Geclowicz, Jurre Baguet, Wietse Tanghe"",Fran Michiels,Danny Deprez,-,""Chris Craps, Jean-Claude Van Rijckeghem"",BE,DE,NL,-,-,David Geclowicz,Jurre Baguet,Wietse Tanghe,-,-,Fran Michiels,-,-,-,-,Danny Deprez,-,-,-,-,-,-,-,-,-,Chris Craps,Jean-Claude Van Rijckeghem,-,-,-,Adventure,Family,Mystery";;
"tt0314725,7.8,3807,Standing in the Shadows of Motown,2002,""Documentary,Music"",0.0,en,""In 1959, Berry Gordy Jr. gathered the best musicians from Detroit's thriving jazz and blues scene to begin cutting songs for his new record company. Over a fourteen year period they were the heartbeat on every hit from Motown's Detroit era. By the end of their phenomenal run, this unheralded group of musicians had played on more number ones hits than the Beach Boys, the Rolling Stones, Elvis and the Beatles combined - which makes them the greatest hit machine in the history of popular music. They called themselves the Funk Brothers. Forty-one years after they played their first note on a Motown record and three decades since they were all together, the Funk Brothers reunited back in Detroit to play their music and tell their unforgettable story, with the help of archival footage, still photos, narration, interviews, re-creation scenes, 20 Motown master tracks, and twelve new live performances of Motown classics with the Brothers backing up contemporary performers."",/rsOTrPTRhBgw5eWAgJISBMiIg5m.jpg,US,0.0,116,['en'],Released,[],Motown: La véritable histoire,FR,Motown: La véritable histoire | 2002 | Standing in the Shadows of Motown | Standing in the Shadows of Motown,-,-,Paul Justman,Sandford Passman,""Alan Slutsky, Ntozake Shange, Walter Dallas"",US,-,-,-,-,-,-,-,-,-,-,-,-,-,-,Paul Justman,-,-,-,-,Sandford Passman,-,-,-,-,Alan Slutsky,Ntozake Shange,Walter Dallas,-,-,Documentary,Music,-";;
"tt0314786,5.7,17698,The In-Laws,2003,""Action,Comedy,Thriller"",0.0,en,""Right before his daughter's wedding, a mild-mannered foot doctor discovers that his new in-laws are international smugglers."",/uziAQLzimrP8eW3w37F8lo8CnD3.jpg,""DE, US"",20440627.0,98,""['zh', 'en', 'fr']"",Released,""['Franchise Pictures', 'Warner Bros. Pictures']"",Espion mais pas trop!,FR,Espion mais pas trop! | 2003 | The In-Laws | The In-Laws,""Albert Brooks, Michael Douglas, Ryan Reynolds"",Lindsay Sloane,Andrew Fleming,""Bill Gerber, George Edde"",""Andrew Bergman, Ed Solomon, Nat Mauldin"",DE,US,-,-,-,Albert Brooks,Michael Douglas,Ryan Reynolds,-,-,Lindsay Sloane,-,-,-,-,Andrew Fleming,-,-,-,-,Bill Gerber,George Edde,-,-,-,Andrew Bergman,Ed Solomon,Nat Mauldin,-,-,Action,Comedy,Thriller";;
"tt0314942,5.7,1693,Zemsta,2002,Comedy,0.0,pl,""A winter day at a Polish castle, half owned by a fatalistic notary and half by a volcanic old soldier's niece. The old soldier, Cupbearer, and the notary are sworn enemies, which may doom the love between the niece, Klara, and the notary's son, Waclaw. On this day, the tongue-tied Cupbearer asks a braggart courtier, Papkin, to sue on his behalf for the hand of the widow Hanna. Papkin succeeds and"",/q6IPXFbtOQDcSKPgQ5DLRSayFsF.jpg,PL,0.0,100,['pl'],Released,""['Arkafilm', 'TVP', 'Vision']"",La revanche,FR,La revanche | 2002 | The Revenge | Zemsta,""Andrzej Seweryn, Janusz Gajos, Roman Polanski"",Katarzyna Figura,Andrzej Wajda,""Janusz Morgenstern, Michal Kwiecinski, Slawomir Rogowski, Wlodzimierz Otulak"",Aleksander Fredro,PL,-,-,-,-,Andrzej Seweryn,Janusz Gajos,Roman Polanski,-,-,Katarzyna Figura,-,-,-,-,Andrzej Wajda,-,-,-,-,Janusz Morgenstern,Michal Kwiecinski,Slawomir Rogowski,Wlodzimierz Otulak,-,Aleksander Fredro,-,-,-,-,Comedy,-,-";;
"tt0315152,5.9,1411,Ah! Si j'étais riche,2002,Comedy,0.0,fr,""Between Alice, a hospital nurse and Aldo, a shampoo sales representative, things have turned sour of late. Alice blames her husband for lacking ambition and contemplates divorce.One day Aldo wins the ten million euro lotto prize. But, unwilling to share the bonanza, he keeps mum about it, all the more as he finds out Alice has an affair with Gérard, Aldo's former friend and ... new boss. However, Aldo, leading a double life, starts spending his money ..."",/wK8P91PlbLqXi75AlzaxErd1e8q.jpg,FR,0.0,105,""['fr', 'it']"",Released,['TF1 International'],Ah ! Si j'étais riche,FR,Ah ! Si j'étais riche | 2002 | If I Were a Rich Man | Ah! Si j'étais riche,""François Morel, Jean-Pierre Darroussin, Richard Berry"",Valeria Bruni Tedeschi,""Gérard Bitton, Michel Munz"",Charles Gassot,-,FR,-,-,-,-,François Morel,Jean-Pierre Darroussin,Richard Berry,-,-,Valeria Bruni Tedeschi,-,-,-,-,Gérard Bitton,Michel Munz,-,-,-,Charles Gassot,-,-,-,-,-,-,-,-,-,Comedy,-,-";;
"tt0315236,6.3,414,Die Unerzogenen,2007,Drama,0.0,de,""Stevie, a precocious 14-year-old girl must cope with the instabilities of her immoderate parents. When they decide to move to a small provincial town in Germany, Stevie attempts to slip into a normal life. Whilst her parents playfully escape their responsibilities, Stevie tries to make a good impression in town, spreading stories of grandeur and claiming to be the daughter of a diplomat. She makes progress. Yet the good weather doesn’t last and before long, she discovers that her parents have once more resorted to illegal means, as a way of supporting their leisurely lifestyle. As friends and hangers-on of her parents fill their new home, the chaos continually mounts. It is in this atmosphere of physical and emotional destruction, that Stevie must now start to define herself and perhaps even break free."",/9r1kO8jnGs1POAYtclYBA8cXVI5.jpg,DE,0.0,95,""['de', 'en', 'fr']"",Released,""['SWR/Debüt im Dritten', 'WDR', 'Pandora Film']"",Trop libre,FR,Trop libre | 2007 | The Unpolished | Die Unerzogenen,""Birol Ünel, Georg Friedrich"",""Ceci Chuh, Pascale Schiller"",Pia Marais,""Christoph Friedel, Claudia Steffen"",""Horst Markgraf, Malin Schwerdtfeger"",DE,-,-,-,-,Birol Ünel,Georg Friedrich,-,-,-,Ceci Chuh,Pascale Schiller,-,-,-,Pia Marais,-,-,-,-,Christoph Friedel,Claudia Steffen,-,-,-,Horst Markgraf,Malin Schwerdtfeger,-,-,-,Drama,-,-";;
"tt0315327,6.8,423784,Bruce Almighty,2003,""Comedy,Fantasy"",80000000.0,en,""Bruce Nolan toils as a 'human interest' television reporter in Buffalo, N.Y., but despite his high ratings and the love of his beautiful girlfriend, Bruce remains unfulfilled. At the end of the worst day in his life, he angrily ridicules God—and the Almighty responds, endowing Bruce with all of His divine powers."",/f0QqG14SZYYZcV4VWykVc5w13dz.jpg,US,484592874.0,101,['en'],Released,""['Pit Bull Productions', 'Spyglass Entertainment', 'Universal Pictures', 'Shady Acres Entertainment']"",Bruce tout-puissant,FR,Bruce tout-puissant | 2003 | Bruce Almighty | Bruce Almighty,""Jim Carrey, Morgan Freeman, Philip Baker Hall"",Jennifer Aniston,Tom Shadyac,""James D. Brubaker, Michael Bostick"",""Mark O'Keefe, Steve Koren, Steve Oedekerk"",US,-,-,-,-,Jim Carrey,Morgan Freeman,Philip Baker Hall,-,-,Jennifer Aniston,-,-,-,-,Tom Shadyac,-,-,-,-,James D. Brubaker,Michael Bostick,-,-,-,Mark O'Keefe,Steve Koren,Steve Oedekerk,-,-,Comedy,Fantasy,-";;
"tt0315543,7.5,10715,Elsker dig for evigt,2002,""Drama,Romance"",0.0,da,""Cecilie and Joachim are about to get married when a freak car accident leaves Joachim disabled, throwing their lives into a spin. The driver of the other car, Marie, and her family don’t get off lightly, either. Her husband Niels works in the hospital where he meets Cecilie and falls madly in love with her."",/hOrV2fCw2kmSiS4ZMGFPfXqr3lt.jpg,DK,0.0,113,['da'],Released,""['Zentropa Entertainments', 'Det Danske Filminstitut']"",Open Hearts,FR,Open Hearts | 2002 | Open Hearts | Elsker dig for evigt,""Mads Mikkelsen, Nikolaj Lie Kaas"",""Paprika Steen, Sonja Richter"",Susanne Bier,""Jonas Frederiksen, Vibeke Windeløv"",Anders Thomas Jensen,DK,-,-,-,-,Mads Mikkelsen,Nikolaj Lie Kaas,-,-,-,Paprika Steen,Sonja Richter,-,-,-,Susanne Bier,-,-,-,-,Jonas Frederiksen,Vibeke Windeløv,-,-,-,Anders Thomas Jensen,-,-,-,-,Drama,Romance,-";;
"tt0315733,7.6,243396,21 Grams,2003,""Crime,Drama,Thriller"",20000000.0,en,""Paul Rivers, an ailing mathematician lovelessly married to an English émigré"; Christina Peck, an upper-middle-class suburban housewife and mother of two girls;" and Jack Jordan, a born-again ex-con, are brought together by a terrible accident that changes their lives."",/hdS0to9nUpgK0Zm1bZAF6BWRae7.jpg,US,60427839.0,124,['en'],Released,""['This Is That Productions', 'Y Productions', 'Mediana Productions Filmgesellschaft', 'Focus Features']"",21 grammes,FR,21 grammes | 2003 | 21 Grams | 21 Grams,""Benicio Del Toro, Danny Huston, Sean Penn"",Naomi Watts,Alejandro G. Iñárritu,Robert Salerno,Guillermo Arriaga,US,-,-,-,-,Benicio Del Toro,Danny Huston,Sean Penn,-,-,Naomi Watts,-,-,-,-,Alejandro G. Iñárritu,-,-,-,-,Robert Salerno,-,-,-,-,Guillermo Arriaga,-,-,-,-,Crime,Drama,Thriller"
"tt0315850,6.8,2041,El bonaerense,2002,""Crime,Drama"",0.0,es,""Zapa is a locksmith in a quiet and little town lost somewhere in the province of Buenos Aires. After getting involved in a crime, his uncle, a retired policeman, bails him out and sends him to Buenos Aires city so he can become an aspiring police officer. Soon he will get involved in a new type of corruption."",/AeLZROGOpgJZS0HP6vuA9hj01Ju.jpg,""AR, CL, FR, NL"",410474.0,105,['es'],Released,""['Pol-Ka Producciones', 'Matanza Cine', 'CNC', 'INCAA', 'Ministère de la Culture et de la Communication', 'Pablo Trapero Productions', 'Programa Ibermedia', 'Invercine&Wood']"",El bonaerense,FR,El bonaerense | 2002 | El bonaerense | El bonaerense,""Darío Levy, Hugo Anganuzzi, Jorge Román"",Mimí Ardú,Pablo Trapero,-,""Daniel Valenzuela, Dodi Shoeuer, Nicolas Gueilburt, Ricardo Ragendorfer"",AR,CL,FR,NL,-,Darío Levy,Hugo Anganuzzi,Jorge Román,-,-,Mimí Ardú,-,-,-,-,Pablo Trapero,-,-,-,-,-,-,-,-,-,Daniel Valenzuela,Dodi Shoeuer,Nicolas Gueilburt,Ricardo Ragendorfer,-,Crime,Drama,-";;
"tt0315957,6.6,666,Hiçbiryerde,2002,Drama,0.0,tr,""Sükran's son Veysel works in a factory. Suffering as a result of her husband's political actions, she tries to save her son from the same fate."",/3ptc6lWuj0QemrHlUXkNkD9lcCt.jpg,TR,0.0,90,['tr'],Released,""['Mine Film', 'Luna-Film']"",Où sont nos disparus?,FR,Où sont nos disparus? | 2002 | In Nowhere Land | Hiçbiryerde,""Michael Mendl, Parkan Özturan"",""Meral Okay, Zuhal Olcay"",Tayfun Pirselimoglu,""Gudrun Ruzicková-Steiner, Kadri Yurdatap, Zeynep Özbatur Atakan"",-,TR,-,-,-,-,Michael Mendl,Parkan Özturan,-,-,-,Meral Okay,Zuhal Olcay,-,-,-,Tayfun Pirselimoglu,-,-,-,-,Gudrun Ruzicková-Steiner,Kadri Yurdatap,Zeynep Özbatur Atakan,-,-,-,-,-,-,-,Drama,-,-";;
"tt0315983,7.5,71338,House of Sand and Fog,2003,""Crime,Drama"",16500000.0,en,""Behrani, an Iranian immigrant buys a California bungalow, thinking he can fix it up, sell it again, and make enough money to send his son to college. However, the house is the legal property of former drug addict Kathy. After losing the house in an unfair legal dispute with the county, she is left with nowhere to go. Wanting her house back, she hires a lawyer and befriends a police officer. Neither Kathy nor Behrani have broken the law, so they find themselves involved in a difficult moral dilemma."",/ol3qMk1NYw1pma49FXSz9SUja4d.jpg,US,16942795.0,126,""['en', 'it', 'fa']"",Released,""['Bisgrove Entertainment', 'Cobalt Media Group', 'DreamWorks Pictures']"",House of Sand and Fog,FR,House of Sand and Fog | 2003 | House of Sand and Fog | House of Sand and Fog,""Ben Kingsley, Ron Eldard"",""Frances Fisher, Jennifer Connelly"",Vadim Perelman,Michael London,""Andre Dubus III, Shawn Lawrence Otto"",US,-,-,-,-,Ben Kingsley,Ron Eldard,-,-,-,Frances Fisher,Jennifer Connelly,-,-,-,Vadim Perelman,-,-,-,-,Michael London,-,-,-,-,Andre Dubus III,Shawn Lawrence Otto,-,-,-,Crime,Drama,-";;
"tt0316188,7.2,5661,Raising Victor Vargas,2002,""Drama,Romance"",800000.0,en,""The film follows Victor, a Lower East Side teenager, as he deals with his eccentric family, including his strict grandmother, his bratty sister, and a younger brother who completely idolizes him. Along the way he tries to win the affections of Judy, who is very careful and calculating when it comes to how she deals with men."",/cMHMtMBca8VNxjYICc1WHK1Qqe5.jpg,US,2816116.0,88,""['en', 'es']"",Released,""['BlueLight', 'Forensic Films', 'StudioCanal', 'Canal+']"",Long Way Home,FR,Long Way Home | 2002 | Raising Victor Vargas | Raising Victor Vargas,""Kevin Rivera, Victor Rasuk"",""Donna Maldonado, Krystal Rodriguez"",Peter Sollett,""Alain de la Mata, Robin O'Hara, Scott Macaulay"",Eva Vives,US,-,-,-,-,Kevin Rivera,Victor Rasuk,-,-,-,Donna Maldonado,Krystal Rodriguez,-,-,-,Peter Sollett,-,-,-,-,Alain de la Mata,Robin O'Hara,Scott Macaulay,-,-,Eva Vives,-,-,-,-,Drama,Romance,-";;
"tt0316356,7.4,76755,Open Range,2003,""Action,Drama,Romance"",22000000.0,en,A former gunslinger is forced to take up arms again when he and his cattle crew are threatened by a corrupt lawman.,/d0zydHSE3kaidjDdlc4T6xnp113.jpg,""GB, US"",68296293.0,139,['en'],Released,""['Tig Productions', 'Touchstone Pictures', 'Cobalt Media Group', 'Beacon Pictures', 'Allied Filmmakers']"",Open Range,FR,Open Range | 2003 | Open Range | Open Range,""Abraham Benrubi, Diego Luna, Kevin Costner, Robert Duvall"",-,-,""David Valdes, Jake Eberts"",""Craig Storper, Lauran Paine"",GB,US,-,-,-,Abraham Benrubi,Diego Luna,Kevin Costner,Robert Duvall,-,-,-,-,-,-,-,-,-,-,-,David Valdes,Jake Eberts,-,-,-,Craig Storper,Lauran Paine,-,-,-,Action,Drama,Romance";;
"tt0316396,6.8,78586,Peter Pan,2003,""Adventure,Family,Fantasy"",100000000.0,en,""In stifling Edwardian London, Wendy Darling mesmerizes her brothers every night with bedtime tales of swordplay, swashbuckling and the fearsome Captain Hook. But the children become the heroes of an even greater story, when Peter Pan flies into their nursery one night and leads them over moonlit rooftops through a galaxy of stars and to the lush jungles of Neverland."",/22nWrBPvM2p4mmpLxK4Oil1Spou.jpg,""AU, GB, US"",121975011.0,113,""['el', 'pt', 'fr', 'mo', 'en']"",Released,""['Revolution Studios', 'Quinta Communications', 'Universal Pictures', 'Columbia Pictures']"",Peter Pan,FR,Peter Pan | 2003 | Peter Pan | Peter Pan,""Jason Isaacs, Jeremy Sumpter"",""Lynn Redgrave, Olivia Williams"",P.J. Hogan,""Douglas Wick, Lucy Fisher, Patrick McCormick"",""J.M. Barrie, Michael Goldenberg"",AU,GB,US,-,-,Jason Isaacs,Jeremy Sumpter,-,-,-,Lynn Redgrave,Olivia Williams,-,-,-,P.J. Hogan,-,-,-,-,Douglas Wick,Lucy Fisher,Patrick McCormick,-,-,J.M. Barrie,Michael Goldenberg,-,-,-,Adventure,Family,Fantasy";;
"tt0316494,5.7,1057,Rire et châtiment,2003,""Comedy,Romance"",0.0,fr,""French director Isabelle Doval directs her husband, popular comedic actor José Garcia, in the comedy Rire et Chatiment (Laughter and Punishment). Vincent (Garcia) is a popular physician whose aggressive need to be funny and get people's attention annoys his girlfriend, Camille (Doval), to the point that she leaves him. He begins to suspect she might have been onto something when his behavior begins causing people to die."",/e0zbFNkck2oSgOCvluSMXOvmeIj.jpg,,0.0,94,['fr'],Released,[],Rire et châtiment,FR,Rire et châtiment | 2003 | Laughter and Punishment | Rire et châtiment,""Benoît Poelvoorde, José Garcia, Laurent Lucas"",Isabelle Doval,-,Michel Propper,""Jean-François Halin, Olivier Dague"",,-,-,-,-,Benoît Poelvoorde,José Garcia,Laurent Lucas,-,-,Isabelle Doval,-,-,-,-,-,-,-,-,-,Michel Propper,-,-,-,-,Jean-François Halin,Olivier Dague,-,-,-,Comedy,Romance,-";;
"tt0316654,7.5,689768,Spider-Man 2,2004,""Action,Adventure,Sci-Fi"",200000000.0,en,""Peter Parker is going through a major identity crisis. Burned out from being Spider-Man, he decides to shelve his superhero alter ego, which leaves the city suffering in the wake of carnage left by the evil Doc Ock. In the meantime, Parker still can't act on his feelings for Mary Jane Watson, a girl he's loved since childhood. A certain anger begins to brew in his best friend Harry Osborn as well..."",/olxpyq9kJAZ2NU1siLshhhXEPR7.jpg,US,783766341.0,127,""['en', 'ru', 'zh']"",Released,""['Marvel Enterprises', 'Laura Ziskin Productions']"",Spider-Man 2,FR,Spider-Man 2 | 2004 | Spider-Man 2 | Spider-Man 2,""Alfred Molina, James Franco, Tobey Maguire"",Kirsten Dunst,Sam Raimi,-,""Alfred Gough, Michael Chabon, Miles Millar, Stan Lee, Steve Ditko"",US,-,-,-,-,Alfred Molina,James Franco,Tobey Maguire,-,-,Kirsten Dunst,-,-,-,-,Sam Raimi,-,-,-,-,-,-,-,-,-,Alfred Gough,Michael Chabon,Miles Millar,Stan Lee,Steve Ditko,Action,Adventure,Sci-Fi";;
"tt0316824,6.0,4459,In Enemy Hands,2004,""Action,Drama,Thriller"",5400000.0,en,""At the height of Hitler's infamous U-boat war, the crew of the U.S.S. Swordfish were heading home after months at sea. They never made it. Now prisoners of war aboard U-boat 429, a small group of American survivors will find their loyalties put to the ultimate test when they're forced to join their German captors to fight for their very lives."",/4CQR4giYM3NNzBTpA75Fq8I5rqM.jpg,US,64236.0,94,""['de', 'en']"",Released,""['Pierce/Williams Entertainment', 'Artisan Entertainment', 'Splendid Pictures', 'John Brister Productions']"",Entre les mains de l'ennemi,FR,Entre les mains de l'ennemi | 2004 | In Enemy Hands | In Enemy Hands,""Clark Gregg, Thomas Kretschmann, Til Schweiger, William H. Macy"",-,Tony Giglio,""John H. Brister, Julius R. Nasso, Michael A. Pierce"",""John E. Deaver, Johnny Hartmann"",US,-,-,-,-,Clark Gregg,Thomas Kretschmann,Til Schweiger,William H. Macy,-,-,-,-,-,-,Tony Giglio,-,-,-,-,John H. Brister,Julius R. Nasso,Michael A. Pierce,-,-,John E. Deaver,Johnny Hartmann,-,-,-,Action,Drama,Thriller";;
"tt0316954,6.3,227,A+ Pollux,2002,""Comedy,Drama,Romance"",0.0,fr,""Halvard Sanz believes in the principle according to which we always meet people who really interest us twice. It’s written in the tables of how the world works, right next to the law of series and the constant speed of light. Halvard therefore believes that he’ll be able to find Pollux again. She’s the woman of his dreams, but he didn’t get the time to tell her so. Dizzy as a bee, he’ll charge head first into the plate glass window of life."",/qQhH9NMR754Tzwzn6ddyj5eRhNb.jpg,FR,0.0,90,['fr'],Released,[],A+ Pollux,FR,A+ Pollux | 2002 | A+ Pollux | A+ Pollux,""Gad Elmaleh, Jean-Marie Galey"",""Cécile de France, Nathalie Boutefeu"",Luc Pagès,Laurent Bénégui,""Maïté Maillé, Philippe Jaenada"",FR,-,-,-,-,Gad Elmaleh,Jean-Marie Galey,-,-,-,Cécile de France,Nathalie Boutefeu,-,-,-,Luc Pagès,-,-,-,-,Laurent Bénégui,-,-,-,-,Maïté Maillé,Philippe Jaenada,-,-,-,Comedy,Drama,Romance";;
"tt0317132,6.3,12391,Because of Winn-Dixie,2005,""Comedy,Drama,Family"",14000000.0,en,""A girl, abandoned by her mother when she was three, moves to a small town in Florida with her father. There, she adopts an orphaned dog she names Winn-Dixie. The bond between the girl and her special companion brings together the people in a small Florida town and heals her own troubled relationship with her father."",/oMUFS7HmIyTeui5xuoIEkPYTWC8.jpg,US,32645546.0,106,['en'],Released,['20th Century Fox'],Winn-Dixie mon meilleur ami,FR,Winn-Dixie mon meilleur ami | 2005 | Because of Winn-Dixie | Because of Winn-Dixie,Jeff Daniels,""AnnaSophia Robb, Cicely Tyson, Eva Marie Saint"",Wayne Wang,Trevor Albert,""Joan Singleton, Kate DiCamillo"",US,-,-,-,-,Jeff Daniels,-,-,-,-,AnnaSophia Robb,Cicely Tyson,Eva Marie Saint,-,-,Wayne Wang,-,-,-,-,Trevor Albert,-,-,-,-,Joan Singleton,Kate DiCamillo,-,-,-,Comedy,Drama,Family";;
"tt0317171,6.9,2649,Sud sanaeha,2002,""Drama,Romance"",0.0,th,""Min is an illegal Burmese immigrant living in Thailand who has contracted a mysterious painful rash covering his upper body. His girlfriend, Roong, and a middle-aged woman, Orn, take him to see a doctor. Min pretends that he cannot speak because he is not fluent in Thai and speaking would reveal him to be an illegal immigrant."",/30iCmKCVTuFWDh7tpBKzeAHlOAQ.jpg,""FR, TH"",0.0,128,""['my', 'th']"",Released,""['Anna Sanders Films', 'Laong Dao Co., Ltd.', 'Kick the Machine', 'Sahamongkolfilm']"",Blissfully Yours,FR,Blissfully Yours | 2002 | Blissfully Yours | Sud sanaeha,""Min Oo, Sa-gnad Chaiyapan"",""Jenjira Pongpas, Kanokporn Tongaram"",Apichatpong Weerasethakul,""Charles de Meaux, Eric Chan"",-,FR,TH,-,-,-,Min Oo,Sa-gnad Chaiyapan,-,-,-,Jenjira Pongpas,Kanokporn Tongaram,-,-,-,Apichatpong Weerasethakul,-,-,-,-,Charles de Meaux,Eric Chan,-,-,-,-,-,-,-,-,Drama,Romance,-";;
"tt0317198,6.0,119722,Bridget Jones: The Edge of Reason,2004,""Comedy,Drama,Romance"",40000000.0,en,""Bridget Jones is becoming uncomfortable in her relationship with Mark Darcy. Apart from discovering that he's a conservative voter, she has to deal with a new boss, a strange contractor and the worst vacation of her life."",/42v82AwTnhaL1JkNcQK8PRAh46P.jpg,""FR, DE, IE, GB, US"",262500000.0,108,""['de', 'th', 'en']"",Released,""['Miramax', 'Universal Pictures', 'Working Title Films', 'Atlantic Television', 'StudioCanal', 'Little Bird']"",Bridget Jones: L'âge de raison,FR,Bridget Jones: L'âge de raison | 2004 | Bridget Jones: The Edge of Reason | Bridget Jones: The Edge of Reason,""Colin Firth, Hugh Grant"",""Gemma Jones, Renée Zellweger"",Beeban Kidron,Tim Bevan,""Adam Brooks, Andrew Davies, Helen Fielding, Richard Curtis"",FR,DE,IE,GB,US,Colin Firth,Hugh Grant,-,-,-,Gemma Jones,Renée Zellweger,-,-,-,Beeban Kidron,-,-,-,-,Tim Bevan,-,-,-,-,Adam Brooks,Andrew Davies,Helen Fielding,Richard Curtis,-,Comedy,Drama,Romance";;
"tt0317198,6.0,119722,Bridget Jones: The Edge of Reason,2004,""Comedy,Drama,Romance"",40000000.0,en,""Bridget Jones is becoming uncomfortable in her relationship with Mark Darcy. Apart from discovering that he's a conservative voter, she has to deal with a new boss, a strange contractor and the worst vacation of her life."",/42v82AwTnhaL1JkNcQK8PRAh46P.jpg,""FR, DE, IE, GB, US"",262500000.0,108,""['de', 'th', 'en']"",Released,""['Miramax', 'Universal Pictures', 'Working Title Films', 'Atlantic Television', 'StudioCanal', 'Little Bird']"",Bridget Jones - L'age 2 raison,FR,Bridget Jones - L'age 2 raison | 2004 | Bridget Jones: The Edge of Reason | Bridget Jones: The Edge of Reason,""Colin Firth, Hugh Grant"",""Gemma Jones, Renée Zellweger"",Beeban Kidron,Tim Bevan,""Adam Brooks, Andrew Davies, Helen Fielding, Richard Curtis"",FR,DE,IE,GB,US,Colin Firth,Hugh Grant,-,-,-,Gemma Jones,Renée Zellweger,-,-,-,Beeban Kidron,-,-,-,-,Tim Bevan,-,-,-,-,Adam Brooks,Andrew Davies,Helen Fielding,Richard Curtis,-,Comedy,Drama,Romance";;
"tt0317219,7.2,452942,Cars,2006,""Adventure,Animation,Comedy"",120000000.0,en,""Lightning McQueen, a hotshot rookie race car driven to succeed, discovers that life is about the journey, not the finish line, when he finds himself unexpectedly detoured in the sleepy Route 66 town of Radiator Springs. On route across the country to the big Piston Cup Championship in California to compete against two seasoned pros, McQueen gets to know the town's offbeat characters."",/u4G8EkiIBZYx0wEg2xDlXZigTOZ.jpg,US,461983149.0,117,""['en', 'it', 'ja', 'yi']"",Released,""['Pixar', 'Walt Disney Pictures']"",Cars - Quatre roues,FR,Cars - Quatre roues | 2006 | Cars | Cars,""Larry the Cable Guy, Owen Wilson, Paul Newman"",Bonnie Hunt,""Joe Ranft, John Lasseter"",-,""Dan Fogelman, Jorgen Klubien, Kiel Murray, Phil Lorin"",US,-,-,-,-,Larry the Cable Guy,Owen Wilson,Paul Newman,-,-,Bonnie Hunt,-,-,-,-,Joe Ranft,John Lasseter,-,-,-,-,-,-,-,-,Dan Fogelman,Jorgen Klubien,Kiel Murray,Phil Lorin,-,Adventure,Animation,Comedy";;
"tt0317226,7.4,1596,Gomgashtei dar Aragh,2002,""Drama,War"",0.0,ku,""During the war between Iran and Iraq, a group of Iranian Kurd musicians set off on an almost impossible mission. They will try to find Hanareh, a singer with a magic voice who crossed the border and may now be in danger in the Iraqi Kurdistan. As in his previous films, this Kurdish director is again focusing on the oppression of his people."",/mzWqK0U0APFiXKofG1qzl1OEYgW.jpg,IR,0.0,108,""['ku', 'fa']"",Released,['Mij Film Co.'],Les chansons du pays de ma mère,FR,Les chansons du pays de ma mère | 2002 | Marooned in Iraq | Gomgashtei dar Aragh,""Allah-Morad Rashtian, Faegh Mohamadi, Shahab Ebrahimi"",Rojan Hosseini,Bahman Ghobadi,-,-,IR,-,-,-,-,Allah-Morad Rashtian,Faegh Mohamadi,Shahab Ebrahimi,-,-,Rojan Hosseini,-,-,-,-,Bahman Ghobadi,-,-,-,-,-,-,-,-,-,-,-,-,-,-,Drama,War,-";;
"tt0317234,7.1,2792,Chihwaseon,2002,""Biography,Drama,History"",0.0,ko,""In a time of political and social unrest in 19th century Korea, uncouth, self-taught painter Jang Seung-up explores his natural talent amidst the repressive world around him."",/iZfIDpywVqgftbTPJw8uui2PZFA.jpg,KR,0.0,120,['ko'],Released,""['Taehung Pictures', 'Cinema Service']"",Ivre de femmes et de peinture,FR,Ivre de femmes et de peinture | 2002 | Painted Fire | Chihwaseon,""Choi Min-sik, Sung-Ki Ahn"",""Ho-jeong Yu, Kim Yeo-jin"",Im Kwon-taek,Tae-won Lee,""Byung-sam Min, Yong-ok Kim"",KR,-,-,-,-,Choi Min-sik,Sung-Ki Ahn,-,-,-,Ho-jeong Yu,Kim Yeo-jin,-,-,-,Im Kwon-taek,-,-,-,-,Tae-won Lee,-,-,-,-,Byung-sam Min,Yong-ok Kim,-,-,-,Biography,Drama,History";;
"tt0317248,8.6,785263,Cidade de Deus,2002,""Crime,Drama"",3300000.0,pt,""In the slums of Rio, two kids' paths diverge as one struggles to become a photographer and the other a kingpin."",/k7eYdWvhYQyRQoU2TB2A2Xu2TfD.jpg,""BR, FR"",30641770.0,130,['pt'],Released,""['O2 Filmes', 'Videofilmes', 'Wild Bunch', 'Hank Levine Film', 'Globo Filmes', 'Lumière', 'Miramax']"",La cité de Dieu,FR,La cité de Dieu | 2002 | City of God | Cidade de Deus,""Alexandre Rodrigues, Leandro Firmino, Matheus Nachtergaele, Phellipe Haagensen"",-,""Fernando Meirelles, Kátia Lund"",""Andrea Barata Ribeiro, Mauricio Andrade Ramos"",""Bráulio Mantovani, Paulo Lins"",BR,FR,-,-,-,Alexandre Rodrigues,Leandro Firmino,Matheus Nachtergaele,Phellipe Haagensen,-,-,-,-,-,-,Fernando Meirelles,Kátia Lund,-,-,-,Andrea Barata Ribeiro,Mauricio Andrade Ramos,-,-,-,Bráulio Mantovani,Paulo Lins,-,-,-,Crime,Drama,-";;
"tt0317269,6.9,178,Ku qi de nü ren,2002,""Comedy,Drama"",0.0,zh,""Desperate to support her family and earn enough money to get her husband out of jail, a woman with an unusual crying style becomes a professional mourner."",/lr55RTMxdadi6O4s2suBQpmXOyd.jpg,""KR, FR, CA, CN"",0.0,90,['zh'],Released,[],Les larmes de Madame Wang,FR,Les larmes de Madame Wang | 2002 | Ku qi de nü ren | Ku qi de nü ren,""Ging Wen, Longjun Li, Xingkun Wei"",Qin Liao,Bingjian Liu,""Ellen Kim, Jason Chae, Michel Reilhac"",Ye Deng,KR,FR,CA,CN,-,Ging Wen,Longjun Li,Xingkun Wei,-,-,Qin Liao,-,-,-,-,Bingjian Liu,-,-,-,-,Ellen Kim,Jason Chae,Michel Reilhac,-,-,Ye Deng,-,-,-,-,Comedy,Drama,-";;
"tt0317269,6.9,178,Ku qi de nü ren,2002,""Comedy,Drama"",0.0,zh,""Desperate to support her family and earn enough money to get her husband out of jail, a woman with an unusual crying style becomes a professional mourner."",/lr55RTMxdadi6O4s2suBQpmXOyd.jpg,""KR, FR, CA, CN"",0.0,90,['zh'],Released,[],La pleureuse,FR,La pleureuse | 2002 | Ku qi de nü ren | Ku qi de nü ren,""Ging Wen, Longjun Li, Xingkun Wei"",Qin Liao,Bingjian Liu,""Ellen Kim, Jason Chae, Michel Reilhac"",Ye Deng,KR,FR,CA,CN,-,Ging Wen,Longjun Li,Xingkun Wei,-,-,Qin Liao,-,-,-,-,Bingjian Liu,-,-,-,-,Ellen Kim,Jason Chae,Michel Reilhac,-,-,Ye Deng,-,-,-,-,Comedy,Drama,-";;
"tt0317303,5.6,72507,Daddy Day Care,2003,""Comedy,Family"",60000000.0,en,""Two men get laid off and have to become stay-at-home dads when they can't find jobs, which inspires them to open their own day-care center."",/uiey5XUKuPicwpIJMf1OpaOd1jL.jpg,US,164433867.0,92,['en'],Released,""['Revolution Studios', 'Davis Entertainment']"",École paternelle,FR,École paternelle | 2003 | Daddy Day Care | Daddy Day Care,""Eddie Murphy, Jeff Garlin, Steve Zahn"",Anjelica Huston,Steve Carr,""John Davis, Matt Berenson, Wyck Godfrey"",Geoff Rodkey,US,-,-,-,-,Eddie Murphy,Jeff Garlin,Steve Zahn,-,-,Anjelica Huston,-,-,-,-,Steve Carr,-,-,-,-,John Davis,Matt Berenson,Wyck Godfrey,-,-,Geoff Rodkey,-,-,-,-,Comedy,Family,-";;
"tt0317321,6.9,317,De l'autre côté,2002,Documentary,0.0,fr,A documentary look at the fate of Mexicans who cross the border into the United States.,/gRCr31SMpnElH5W6EZZG6cLdv0q.jpg,""BE, FR"",0.0,100,""['fr', 'es', 'en']"",Released,['AMIP'],De l'autre côté,FR,De l'autre côté | 2002 | From the Other Side | De l'autre côté,-,-,Chantal Akerman,""Brigitte De Villepoix, Christiane Philippe, Elisabeth Marliangeas, Fabrice Puchault, Luciano Rigolini, Marilyn Watelet, Thierry Garrel, Xavier Carniaux"",-,BE,FR,-,-,-,-,-,-,-,-,-,-,-,-,-,Chantal Akerman,-,-,-,-,Brigitte De Villepoix,Christiane Philippe,Elisabeth Marliangeas,Fabrice Puchault,Luciano Rigolini,-,-,-,-,-,Documentary,-,-";;
"tt0317341,6.8,177,La dernière lettre,2002,Drama,0.0,fr,""Locked away in the Jewish ghetto of an occupied Ukrainian town in 1941, a mother revisits her life in a last letter to her son."",/7iFwJlBzblGYOJ4UF7t1yVITqLB.jpg,""FR, US"",0.0,61,['fr'],Released,[],La dernière lettre,FR,La dernière lettre | 2002 | The Last Letter | La dernière lettre,-,Catherine Samie,Frederick Wiseman,Pierre-Olivier Bardet,""Vasiliy Grossman, Véronique Aubouy"",FR,US,-,-,-,-,-,-,-,-,Catherine Samie,-,-,-,-,Frederick Wiseman,-,-,-,-,Pierre-Olivier Bardet,-,-,-,-,Vasiliy Grossman,Véronique Aubouy,-,-,-,Drama,-,-";;
"tt0317469,5.9,388,Fálkar,2002,Drama,0.0,en,""Simon a mysterious man with a past returns to Iceland with the intention to end his no good life. Before he can complete his task he meets a young women DÚA who he believes might be his daughter. When she gets into trouble with the police Simon represses his death wish and decides to help her out. Together they flee to the city of Hamburg and smuggle with them what used to be the greatest export of the Vikings, an Icelandic Falcon. Their plan is to sell it to wealthy Arabs."",/wMKyYiPgzmLICmOkzwHdqXz3HKo.jpg,""IS, GB, FR, DE, NO"",0.0,95,""['en', 'is']"",Released,[],Le faucon islandais,FR,Le faucon islandais | 2002 | Falcons | Fálkar,""Ingvar Sigurdsson, Keith Carradine, Magnús Ólafsson"",Margrét Vilhjálmsdóttir,Friðrik Þór Friðriksson,""Anna María Karlsdóttir, Mike Downey, Peter Rommel, Sam Taylor"",Einar Kárason,IS,GB,FR,DE,NO,Ingvar Sigurdsson,Keith Carradine,Magnús Ólafsson,-,-,Margrét Vilhjálmsdóttir,-,-,-,-,Friðrik Þór Friðriksson,-,-,-,-,Anna María Karlsdóttir,Mike Downey,Peter Rommel,Sam Taylor,-,Einar Kárason,-,-,-,-,Drama,-,-";;
"tt0317476,6.7,462,Fararishtay kifti rost,2002,""Comedy,Drama,Fantasy"",0.0,tg,""An unrepentant prodigal son straight out of a Russian jail returns to his hometown, Asht, to help his mother die with dignity. But his debts in his hometown are many and long overdue, the townspeople are tough as nails, and he soon gets more than he expected from the quiet village. In this dark comedy, his third feature, writer-director Jamshed Usmonov cast the population of Asht as its own persuasive self and his own mother and brother as the fractured yet formidable domestic couple."",/iltZDPeOcmoa3WpkCrmbdwHiGP2.jpg,""TJ, IT, FR, CH"",0.0,91,['tg'],Released,""['Ventura Film', 'Artcam International', 'Asht Village', 'Fabrica', 'RSI', 'RAI']"",L'ange de l'épaule droite,FR,L'ange de l'épaule droite | 2002 | Angel on the Right | Fararishtay kifti rost,""Kova Tilavpur, Mardonkul Kulbobo, Maruf Pulodzoda"",Uktamoi Miyasarova,Jamshed Usmonov,Marco Müller,-,TJ,IT,FR,CH,-,Kova Tilavpur,Mardonkul Kulbobo,Maruf Pulodzoda,-,-,Uktamoi Miyasarova,-,-,-,-,Jamshed Usmonov,-,-,-,-,Marco Müller,-,-,-,-,-,-,-,-,-,Comedy,Drama,Fantasy";;
"tt0317603,5.7,267,Extraño,2003,""Drama,Romance"",0.0,es,""The protagonist is Axel, aged about 40, a doctor who no longer practices his craft. He is living temporarily with his sister and her children. He doesn't do much, just exists a little between the living and their things. One day, he meets a young, pregnant woman. A relationship develops, a kind of love, and they live together, like driftwood temporarily clinging on to each other."",/8S55sDf0bLKnUI97eVXJfpEcb3S.jpg,AR,0.0,88,['es'],Released,[],Grieta,FR,Grieta | 2003 | Strange | Extraño,Julio Chávez,""Chunchuna Villafañe, Raquel Albéniz, Valeria Bertuccelli"",Santiago Loza,""Ana Laura Bonet, Francesca Feder, María Galarza"",-,AR,-,-,-,-,Julio Chávez,-,-,-,-,Chunchuna Villafañe,Raquel Albéniz,Valeria Bertuccelli,-,-,Santiago Loza,-,-,-,-,Ana Laura Bonet,Francesca Feder,María Galarza,-,-,-,-,-,-,-,Drama,Romance,-";;
"tt0317648,6.7,84680,Hidalgo,2004,""Action,Adventure,Biography"",100000000.0,en,""Set in 1890, this is the story of a Pony Express courier who travels to Arabia to compete with his horse, Hidalgo, in a dangerous race for a massive contest prize, in an adventure that sends the pair around the world..."",/iGzENlBPYJEFWZnye4t3nqWSSp1.jpg,""US, MA"",108103450.0,136,""['ar', 'en']"",Released,""['Touchstone Pictures', 'Casey Silver Productions', 'Dune Films']"",Hidalgo,FR,Hidalgo | 2004 | Hidalgo | Hidalgo,""Omar Sharif, Viggo Mortensen"",""Louise Lombard, Zuleikha Robinson"",Joe Johnston,Casey Silver,John Fusco,US,MA,-,-,-,Omar Sharif,Viggo Mortensen,-,-,-,Louise Lombard,Zuleikha Robinson,-,-,-,Joe Johnston,-,-,-,-,Casey Silver,-,-,-,-,John Fusco,-,-,-,-,Action,Adventure,Biography";;
"tt0317705,8.0,784271,The Incredibles,2004,""Action,Adventure,Animation"",92000000.0,en,""Bob Parr has given up his superhero days to log in time as an insurance adjuster and raise his three children with his formerly heroic wife in suburbia. But when he receives a mysterious assignment, it's time to get back into costume."",/2LqaLgk4Z226KkgPJuiOQ58wvrm.jpg,US,631442092.0,115,""['fr', 'en']"",Released,""['Pixar', 'Walt Disney Pictures']"",Les Indestructibles,FR,Les Indestructibles | 2004 | The Incredibles | The Incredibles,""Craig T. Nelson, Jason Lee, Samuel L. Jackson"",Holly Hunter,Brad Bird,John Walker,-,US,-,-,-,-,Craig T. Nelson,Jason Lee,Samuel L. Jackson,-,-,Holly Hunter,-,-,-,-,Brad Bird,-,-,-,-,John Walker,-,-,-,-,-,-,-,-,-,Action,Adventure,Animation";;
"tt0317740,7.0,382936,The Italian Job,2003,""Action,Crime,Thriller"",60000000.0,en,""Charlie Croker pulled off the crime of a lifetime. The one thing that he didn't plan on was being double-crossed. Along with a drop-dead gorgeous safecracker, Croker and his team take off to re-steal the loot and end up in a pulse-pounding, pedal-to-the-metal chase that careens up, down, above and below the streets of Los Angeles."",/eSkjK4kctyrWpFhxl35GPvSs6tI.jpg,""IT, GB, US"",176070171.0,110,""['uk', 'en', 'it']"",Released,""['De Line Pictures', 'Working Title Films', 'Paramount', 'Mestiere Cinema']"",Braquage à l'italienne,FR,Braquage à l'italienne | 2003 | The Italian Job | The Italian Job,""Donald Sutherland, Edward Norton, Mark Wahlberg"",Charlize Theron,F. Gary Gray,Donald De Line,""Donna Powers, Troy Kennedy Martin, Wayne Powers"",IT,GB,US,-,-,Donald Sutherland,Edward Norton,Mark Wahlberg,-,-,Charlize Theron,-,-,-,-,F. Gary Gray,-,-,-,-,Donald De Line,-,-,-,-,Donna Powers,Troy Kennedy Martin,Wayne Powers,-,-,Action,Crime,Thriller";;
"tt0317743,7.0,3834,Itiraf,2001,Drama,0.0,tr,""A taut, beautifully acted psychological drama about a husband who suspects his wife of having an affair, but is terrified that confronting her about it might prove she really is."",/2D7za33UtEJzYpHhmmY4kgGd8WV.jpg,TR,0.0,90,['tr'],Released,['Mavi Film'],Itiraf,FR,Itiraf | 2001 | The Confession | Itiraf,""Iskender Altin, Taner Birsel"",""Basak Köklükaya, Miraç Eronat"",Zeki Demirkubuz,-,-,TR,-,-,-,-,Iskender Altin,Taner Birsel,-,-,-,Basak Köklükaya,Miraç Eronat,-,-,-,Zeki Demirkubuz,-,-,-,-,-,-,-,-,-,-,-,-,-,-,Drama,-,-";;
"tt0317793,7.2,245,Kagami no onna-tachi,2002,Drama,0.0,ja,Three women who share memories of the Hiroshima disaster try to uncover the hidden family ties that may or may not bind them together.,/hmYnCCdE8krteSXVqxYnurJCT51.jpg,""FR, JP"",0.0,129,""['ja', 'en']"",Released,""['Sépia Productions', 'Root Pictures', 'Groove Kinema', 'Gendaieiga']"",Femmes en miroir,FR,Femmes en miroir | 2002 | Women in the Mirror | Kagami no onna-tachi,Hideo Murota,""Mariko Okada, Sae Isshiki, Yoshiko Tanaka"",Yoshishige Yoshida,""Philippe Jacquier, Shinichi Takata, Takumi Ogawa, Yutaka Shimomura"",-,FR,JP,-,-,-,Hideo Murota,-,-,-,-,Mariko Okada,Sae Isshiki,Yoshiko Tanaka,-,-,Yoshishige Yoshida,-,-,-,-,Philippe Jacquier,Shinichi Takata,Takumi Ogawa,Yutaka Shimomura,-,-,-,-,-,-,Drama,-,-";;
"tt0317842,7.4,2479,Knafayim Shvurot,2002,Drama,0.0,he,""Daphne and her four children try to cope with the abrupt death of husband/father. As the family seems to fall apart, a sudden incident gives them a chance to heal their 'broken wings'."",/wgvzlUGVBDvVxMbmFWbgJA0Wtmp.jpg,IL,0.0,87,""['de', 'he']"",Released,""['Yes-DBD Satellite Services', 'Norma Productions', 'Israeli Film Fund']"",Broken Wings,FR,Broken Wings | 2002 | Broken Wings | Knafayim Shvurot,""Daniel Magon, Nitai Gvirtz"",""Maya Maron, Orly Silbersatz"",Nir Bergman,Assaf Amir,-,IL,-,-,-,-,Daniel Magon,Nitai Gvirtz,-,-,-,Maya Maron,Orly Silbersatz,-,-,-,Nir Bergman,-,-,-,-,Assaf Amir,-,-,-,-,-,-,-,-,-,Drama,-,-";;
"tt0317887,7.0,3085,Madame Satã,2002,""Biography,Crime,Drama"",0.0,pt,""A story inspired by the life of one of the most remarkable figures in Brazilian popular culture, João Francisco dos Santos (1900-1976). In turn, bandit, transvestite, street fighter, brothel cook, convict and father to seven adopted children, dos Santos – better known as Madame Satã – was also a notorious gay performer who pushed social boundaries in a volatile time."",/rgsrsLJXzzmMiTvatmEhXU8fMY2.jpg,""BR, FR"",0.0,100,['pt'],Released,""['Wild Bunch', 'Videofilmes', 'Dominant 7', 'Lumière']"",Madame Satã,FR,Madame Satã | 2002 | Madame Satã | Madame Satã,""Fellipe Marques, Flavio Bauraqui, Lázaro Ramos"",Marcelia Cartaxo,Karim Aïnouz,""Isabel Diegues, Marc Beauchamps"",""Marcelo Gomes, Mauricio Zacharias, Sergio Machado"",BR,FR,-,-,-,Fellipe Marques,Flavio Bauraqui,Lázaro Ramos,-,-,Marcelia Cartaxo,-,-,-,-,Karim Aïnouz,-,-,-,-,Isabel Diegues,Marc Beauchamps,-,-,-,Marcelo Gomes,Mauricio Zacharias,Sergio Machado,-,-,Biography,Crime,Drama";;
"tt0317910,8.1,24694,The Fog of War: Eleven Lessons from the Life of Robert S. McNamara,2003,""Biography,Documentary,History"",0.0,en,""Using archival footage, cabinet conversation recordings, and an interview of the 85-year-old Robert McNamara, The Fog of War depicts his life, from working as a WWII whiz-kid military officer, to being the Ford Motor Company's president, to managing the Vietnam War as defense secretary for presidents Kennedy and Johnson."",/m1dEnkrdJGBSLeAyJepuGrU9sNI.jpg,US,0.0,107,['en'],Released,""['SenArt Films', 'RadicalMedia']"",Brume de guerre,FR,Brume de guerre | 2003 | The Fog of War | The Fog of War: Eleven Lessons from the Life of Robert S. McNamara,-,-,Errol Morris,""Julie Ahlberg, Michael Williams"",-,US,-,-,-,-,-,-,-,-,-,-,-,-,-,-,Errol Morris,-,-,-,-,Julie Ahlberg,Michael Williams,-,-,-,-,-,-,-,-,Biography,Documentary,History";;
"tt0317919,6.9,382928,Mission: Impossible III,2006,""Action,Adventure,Thriller"",150000000.0,en,""Retired from active duty to train new IMF agents, Ethan Hunt is called back into action to confront sadistic arms dealer, Owen Davian. Hunt must try to protect his girlfriend while working with his new team to complete the mission."",/vKGYCpmQyV9uHybWDzXuII8Los5.jpg,US,398479497.0,126,""['de', 'en', 'it', 'zh', 'cs', 'cn']"",Released,""['Paramount', 'Cruise/Wagner Productions']"",Mission: Impossible III,FR,Mission: Impossible III | 2006 | Mission: Impossible III | Mission: Impossible III,""Philip Seymour Hoffman, Tom Cruise, Ving Rhames"",Michelle Monaghan,J.J. Abrams,Paula Wagner,""Alex Kurtzman, Bruce Geller, Roberto Orci"",US,-,-,-,-,Philip Seymour Hoffman,Tom Cruise,Ving Rhames,-,-,Michelle Monaghan,-,-,-,-,J.J. Abrams,-,-,-,-,Paula Wagner,-,-,-,-,Alex Kurtzman,Bruce Geller,Roberto Orci,-,-,Action,Adventure,Thriller";;
"tt0317919,6.9,382928,Mission: Impossible III,2006,""Action,Adventure,Thriller"",150000000.0,en,""Retired from active duty to train new IMF agents, Ethan Hunt is called back into action to confront sadistic arms dealer, Owen Davian. Hunt must try to protect his girlfriend while working with his new team to complete the mission."",/vKGYCpmQyV9uHybWDzXuII8Los5.jpg,US,398479497.0,126,""['de', 'en', 'it', 'zh', 'cs', 'cn']"",Released,""['Paramount', 'Cruise/Wagner Productions']"",M:i:III,FR,M:i:III | 2006 | Mission: Impossible III | Mission: Impossible III,""Philip Seymour Hoffman, Tom Cruise, Ving Rhames"",Michelle Monaghan,J.J. Abrams,Paula Wagner,""Alex Kurtzman, Bruce Geller, Roberto Orci"",US,-,-,-,-,Philip Seymour Hoffman,Tom Cruise,Ving Rhames,-,-,Michelle Monaghan,-,-,-,-,J.J. Abrams,-,-,-,-,Paula Wagner,-,-,-,-,Alex Kurtzman,Bruce Geller,Roberto Orci,-,-,Action,Adventure,Thriller";;
"tt0317965,7.0,1954,L'ora di religione (Il sorriso di mia madre),2002,Drama,0.0,it,""A celebrated painter receives a visit from a cardinal's assistant, who informs him that his mother could become a saint."",/8u1NKcKcNVhBEUxMeQL4WIggBps.jpg,IT,0.0,105,['it'],Released,""['Filmalbatros', 'RAI Cinema']"",Le sourire de ma mère,FR,Le sourire de ma mère | 2002 | My Mother's Smile | L'ora di religione (Il sorriso di mia madre),""Gigio Alberti, Sergio Castellitto"",""Chiara Conti, Jacqueline Lustig"",Marco Bellocchio,Sergio Pelone,-,IT,-,-,-,-,Gigio Alberti,Sergio Castellitto,-,-,-,Chiara Conti,Jacqueline Lustig,-,-,-,Marco Bellocchio,-,-,-,-,Sergio Pelone,-,-,-,-,-,-,-,-,-,Drama,-,-";;
"tt0318025,6.8,2521,Ren xiao yao,2002,""Comedy,Drama"",0.0,zh,""Three disaffected youths live in Datong in 2001, part of the new """"Birth Control"""" generation. Fed on a steady diet of popular culture, both Western and Chinese, the characters of Unknown Pleasures represent a new breed in the People's Republic of China, one detached from reality through the screen of media and the internet."",/9koydgKSQLs8MjnGilFmjRlhzXA.jpg,""CN, JP, KR, FR"",0.0,113,['zh'],Released,""['T-Mark', 'Hu Tong Communications', 'Lumen Films', 'Office Kitano']"",Plaisirs inconnus,FR,Plaisirs inconnus | 2002 | Unknown Pleasures | Ren xiao yao,""Qing Feng Zhou, Qiong Wu, Wei Wei Zhao"",Tao Zhao,Zhangke Jia,""Kit Ming Li, Shôzô Ichiyama"",-,CN,JP,KR,FR,-,Qing Feng Zhou,Qiong Wu,Wei Wei Zhao,-,-,Tao Zhao,-,-,-,-,Zhangke Jia,-,-,-,-,Kit Ming Li,Shôzô Ichiyama,-,-,-,-,-,-,-,-,Comedy,Drama,-";;
"tt0318034,7.2,21450,Russkiy kovcheg,2002,""Drama,Fantasy,History"",0.0,ru,""A ghost and a French marquis wander through the Winter Palace in St Petersburg, encountering scenes from many different periods of its history."",/7NhwiUZHBajpKC2xcGcpFhMJ07k.jpg,""CA, DK, FI, DE, JP, RU"",6723732.0,99,""['fa', 'fr', 'ru']"",Released,""['Hermitage Bridge Studio, The', 'State Hermitage Museum', 'Mitteldeutsche Medienförderung (MDM)', 'WDR/Arte', 'Fora Film', 'Koppmedia', 'NHK', 'DR', 'AST Studios', 'Mariinsky Theatre', 'Filmboard Berlin-Brandenburg (FBB)', 'FilmFörderung Hamburg', 'YLE', 'Egoli Tossell Film', 'Die Beauftragte der Bundesregierung für Kultur und Medien', 'Ministry of Culture of the Russian Federation']"",L'arche russe,FR,L'arche russe | 2002 | Russian Ark | Russkiy kovcheg,""Leonid Mozgovoy, Sergey Dreyden"",Mariya Kuznetsova,Aleksandr Sokurov,""Andrey Deryabin, Jens Meurer"",""Anatoli Nikiforov, Boris Khaimsky, Svetlana Proskurina"",CA,DK,FI,DE,JP,Leonid Mozgovoy,Sergey Dreyden,-,-,-,Mariya Kuznetsova,-,-,-,-,Aleksandr Sokurov,-,-,-,-,Andrey Deryabin,Jens Meurer,-,-,-,Anatoli Nikiforov,Boris Khaimsky,Svetlana Proskurina,-,-,Drama,Fantasy,History";;
"tt0318049,6.4,1229,Searching for Debra Winger,2002,Documentary,600000.0,en,Rosanna Arquette talks to various actresses about the pressures they face as women working in the entertainment industry.,/50a7jpkUukf6aypYFiapoOF2lui.jpg,US,0.0,99,['en'],Released,[],À la recherche de Debra Winger,FR,À la recherche de Debra Winger | 2002 | Searching for Debra Winger | Searching for Debra Winger,-,-,-,""David Codikow, Happy Walters, Matt Weaver"",-,US,-,-,-,-,-,-,-,-,-,-,-,-,-,-,-,-,-,-,-,David Codikow,Happy Walters,Matt Weaver,-,-,-,-,-,-,-,Documentary,-,-";;
"tt0318155,5.8,39678,Looney Tunes: Back in Action,2003,""Adventure,Animation,Comedy"",80000000.0,en,""Fed up with all the attention going to Bugs Bunny, Daffy Duck quits Hollywood, teams up with recently-fired stuntman Damien Drake Jr. and embarks on a round-the-world adventure, along with Bugs and The VP of Warner Bros. Their mission? Find Damien's father, and the missing blue diamond... and stay one step ahead of The Acme Corp., who wants the diamond for their own purposes."",/q0kntpdsHA0QdYjpQdNBqrVTdQq.jpg,""DE, US"",68514844.0,93,['en'],Released,""['Warner Bros. Animation', 'Baltimore Spring Creek Productions', 'Goldmann Pictures', 'Lonely Film Productions GmbH & Co. KG.', 'Warner Bros. Pictures']"",Les Looney Tunes passent à l'action,FR,Les Looney Tunes passent à l'action | 2003 | Looney Tunes: Back in Action | Looney Tunes: Back in Action,""Brendan Fraser, Steve Martin"",""Heather Locklear, Jenna Elfman"",""Eric Goldberg, Joe Dante"",""Bernie Goldmann, Joel Simon, Pierluigi De Mas"",Larry Doyle,DE,US,-,-,-,Brendan Fraser,Steve Martin,-,-,-,Heather Locklear,Jenna Elfman,-,-,-,Eric Goldberg,Joe Dante,-,-,-,Bernie Goldmann,Joel Simon,Pierluigi De Mas,-,-,Larry Doyle,-,-,-,-,Adventure,Animation,Comedy";;
"tt0318202,7.8,8308,Être et avoir,2002,""Documentary,Family"",1000000.0,fr,""The documentary's title translates as """"to be and to have"""", the two auxiliary verbs in the French language. It is about a primary school in the commune of Saint-Étienne-sur-Usson, Puy-de-Dôme, France, the population of which is just over 200. The school has one small class of mixed ages (from four to twelve years), with a dedicated teacher, Georges Lopez, who shows patience and respect for the children as we follow their story through a single school year."",/mqB5QPNCmbF8DgsZqmyGQAGktUE.jpg,FR,0.0,104,['fr'],Released,""['Gimages 204', """"Les Films d'ici"""", 'ARTE France Cinéma', 'Maïa Films']"",Être et avoir,FR,Être et avoir | 2002 | To Be and to Have | Être et avoir,""Axel Thouvenin, Georges Lopez, Guillaume"",Alizé,Nicolas Philibert,Gilles Sandoz,-,FR,-,-,-,-,Axel Thouvenin,Georges Lopez,Guillaume,-,-,Alizé,-,-,-,-,Nicolas Philibert,-,-,-,-,Gilles Sandoz,-,-,-,-,-,-,-,-,-,Documentary,Family,-";;
"tt0318374,6.9,35166,The Cooler,2003,""Drama,Romance"",32000000.0,en,""Bernie works at a Las Vegas casino, where he uses his innate ability to bring about misfortune in those around him to jinx gamblers into losing. His imposing boss, Shelly Kaplow, is happy with the arrangement. But Bernie finds unexpected happiness when he begins dating attractive waitress Natalie Belisario."",/gq3cZxo7SS6HAXdaxObLIyw9N1r.jpg,""GB, US"",0.0,101,['en'],Released,""['Pierce/Williams Entertainment', 'ContentFilm', 'Lions Gate Films']"",Lady Chance,FR,Lady Chance | 2003 | The Cooler | The Cooler,""Alec Baldwin, Shawn Hatosy, William H. Macy"",Maria Bello,Wayne Kramer,""Michael A. Pierce, Sean Furst"",Frank Hannah,GB,US,-,-,-,Alec Baldwin,Shawn Hatosy,William H. Macy,-,-,Maria Bello,-,-,-,-,Wayne Kramer,-,-,-,-,Michael A. Pierce,Sean Furst,-,-,-,Frank Hannah,-,-,-,-,Drama,Romance,-";;
"tt0318411,7.7,28127,The Magdalene Sisters,2002,Drama,0.0,en,""Four women are given into the custody of the Magdalene sisterhood asylum to correct their sinful behavior: Crispina and Rose have given birth to a premarital child, Margaret got raped by her cousin and the orphan Bernadette had been repeatedly caught flirting with the boys. All have to work in a laundry under the strict supervision of the nuns, who break their wills through sadistic punishment."",/akOnyPsfzcDvCwP3lzY35i2NIha.jpg,""IE, GB"",20957001.0,119,""['en', 'la']"",Released,""['Scottish Screen', 'UK Film Council', 'Screen Ireland', 'Momentum Pictures', 'PFP Films', 'Temple Films', 'Dumfries & Galloway Council', 'South West Scotland Screen Commission', 'Scottish Enterprise Dumfries & Galloway', """"UK Film Council's New Cinema Fund"""", 'Element Films', 'Miramax']"",The Magdalene Sisters,FR,The Magdalene Sisters | 2002 | The Magdalene Sisters | The Magdalene Sisters,-,""Anne-Marie Duff, Dorothy Duffy, Eileen Walsh, Nora-Jane Noone"",Peter Mullan,Frances Higson,-,IE,GB,-,-,-,-,-,-,-,-,Anne-Marie Duff,Dorothy Duffy,Eileen Walsh,Nora-Jane Noone,-,Peter Mullan,-,-,-,-,Frances Higson,-,-,-,-,-,-,-,-,-,Drama,-,-";;
"tt0318462,7.7,103910,Diarios de motocicleta,2004,""Adventure,Biography,Drama"",0.0,es,""Based on the journals of Che Guevara, leader of the Cuban Revolution. In his memoirs, Guevara recounts adventures he and best friend Alberto Granado had while crossing South America by motorcycle in the early 1950s."",/qz2aBYT8CAiJYvX4fRZpJ5G0Oz1.jpg,""AR, CL, FR, DE, PE, GB, US"",57663224.0,126,""['es', 'qu']"",Released,""['Senator Film', 'Wildwood Enterprises', 'Sound for Film', 'Inca Films S.A.', 'Film4 Productions', 'BD Cine', 'Tu Vas Voir', 'Sahara Films', 'Focus Features', 'South Fork Pictures']"",Voyage à motocyclette,FR,Voyage à motocyclette | 2004 | The Motorcycle Diaries | Diarios de motocicleta,""Gael García Bernal, Rodrigo de la Serna"",""Mercedes Morán, Mía Maestro"",Walter Salles,""Edgard Tenembaum, Michael Nozik"",""Alberto Granado, Ernesto 'Che' Guevara, Jose Rivera"",AR,CL,FR,DE,PE,Gael García Bernal,Rodrigo de la Serna,-,-,-,Mercedes Morán,Mía Maestro,-,-,-,Walter Salles,-,-,-,-,Edgard Tenembaum,Michael Nozik,-,-,-,Alberto Granado,Ernesto 'Che' Guevara,Jose Rivera,-,-,Adventure,Biography,Drama";;
"tt0318462,7.7,103910,Diarios de motocicleta,2004,""Adventure,Biography,Drama"",0.0,es,""Based on the journals of Che Guevara, leader of the Cuban Revolution. In his memoirs, Guevara recounts adventures he and best friend Alberto Granado had while crossing South America by motorcycle in the early 1950s."",/qz2aBYT8CAiJYvX4fRZpJ5G0Oz1.jpg,""AR, CL, FR, DE, PE, GB, US"",57663224.0,126,""['es', 'qu']"",Released,""['Senator Film', 'Wildwood Enterprises', 'Sound for Film', 'Inca Films S.A.', 'Film4 Productions', 'BD Cine', 'Tu Vas Voir', 'Sahara Films', 'Focus Features', 'South Fork Pictures']"",Carnets de voyage,FR,Carnets de voyage | 2004 | The Motorcycle Diaries | Diarios de motocicleta,""Gael García Bernal, Rodrigo de la Serna"",""Mercedes Morán, Mía Maestro"",Walter Salles,""Edgard Tenembaum, Michael Nozik"",""Alberto Granado, Ernesto 'Che' Guevara, Jose Rivera"",AR,CL,FR,DE,PE,Gael García Bernal,Rodrigo de la Serna,-,-,-,Mercedes Morán,Mía Maestro,-,-,-,Walter Salles,-,-,-,-,Edgard Tenembaum,Michael Nozik,-,-,-,Alberto Granado,Ernesto 'Che' Guevara,Jose Rivera,-,-,Adventure,Biography,Drama";;
"tt0318523,7.2,2476,Un oso rojo,2002,""Crime,Drama,Thriller"",0.0,es,""Bear has never gotten over the separation from his wife and daughter after having been convicted for armed robbery and homicide and sent to prison. Now he is out, to finally get his cut of the money and reunite with his family, or at least avenge the damage done."",/kD8SPTJVhjUvJOvB6Xhe7crkLN4.jpg,""AR, ES, FR"",0.0,95,['es'],Released,""['Lita Stantic Producciones', 'TS Productions', 'Wanda Visión']"",L'ours rouge,FR,L'ours rouge | 2002 | Red Bear | Un oso rojo,""Julio Chávez, Luis Machín"",""Agostina Lage, Soledad Villamil"",Israel Adrián Caetano,Lita Stantic,""Gabriela Speranza, Romina Lanfranchini"",AR,ES,FR,-,-,Julio Chávez,Luis Machín,-,-,-,Agostina Lage,Soledad Villamil,-,-,-,Israel Adrián Caetano,-,-,-,-,Lita Stantic,-,-,-,-,Gabriela Speranza,Romina Lanfranchini,-,-,-,Crime,Drama,Thriller";;
"tt0318627,6.1,206938,Resident Evil: Apocalypse,2004,""Action,Horror,Sci-Fi"",45000000.0,en,""As the city is locked down under quarantine, Alice finds out that the people that died from the previous incident at the Umbrella Corporation have turned into zombies. She then joins a small band of elite soldiers, who are enlisted to rescue the missing daughter of the creator of the mutating T-virus.  Once lack of luck and resources happen, they begin to wage an exhilarating battle to survive and escape before the Umbrella Corporation erases its experiment from the face of the earth."",/yzNQSLlZb7NAkA4C5uADfNDJ7hm.jpg,""CA, GB, US"",129394835.0,94,['en'],Released,""['Davis Films/Impact Pictures', 'Screen Gems', 'Constantin Film']"",Resident Evil: Apocalypse,FR,Resident Evil: Apocalypse | 2004 | Resident Evil: Apocalypse | Resident Evil: Apocalypse,Oded Fehr,""Milla Jovovich, Sienna Guillory"",Alexander Witt,""Don Carmody, Jeremy Bolt"",Paul W.S. Anderson,CA,GB,US,-,-,Oded Fehr,-,-,-,-,Milla Jovovich,Sienna Guillory,-,-,-,Alexander Witt,-,-,-,-,Don Carmody,Jeremy Bolt,-,-,-,Paul W.S. Anderson,-,-,-,-,Action,Horror,Sci-Fi";;
"tt0318649,6.0,101960,Sahara,2005,""Action,Adventure,Comedy"",130000000.0,en,""Scouring the ocean depths for treasure-laden shipwrecks is business as usual for a thrill-seeking underwater adventurer and his wisecracking buddy. But when these two cross paths with a beautiful doctor, they find themselves on the ultimate treasure hunt."",/kyY1onYxkKBDlJsheRsVbMaoQEM.jpg,""DE, ES, GB, US"",119269486.0,124,""['en', 'fr', 'ar']"",Released,""['Paramount', 'Bristol Bay Productions', 'Baldwin Entertainment Group', 'Desertlands Entertainment', 'Mace Neufeld Productions', 'Kanzaman Productions', 'J.K. Livin Productions', 'Moguletta', 'Sahara Productions', 'Babelsberg Film']"",Sahara,FR,Sahara | 2005 | Sahara | Sahara,""Mark Aspinall, Matthew McConaughey, Steve Zahn"",Penélope Cruz,Breck Eisner,-,""Clive Cussler, James V. Hart, John C. Richards, Joshua Oppenheimer, Thomas Dean Donnelly"",DE,ES,GB,US,-,Mark Aspinall,Matthew McConaughey,Steve Zahn,-,-,Penélope Cruz,-,-,-,-,Breck Eisner,-,-,-,-,-,-,-,-,-,Clive Cussler,James V. Hart,John C. Richards,Joshua Oppenheimer,Thomas Dean Donnelly,Action,Adventure,Comedy";;
"tt0318725,7.0,4751,Stupeur et tremblements,2003,""Comedy,Drama"",0.0,fr,""Amélie, a young Belgian woman, having spent her childhood in Japan, decides to return to live there and tries to integrate in the Japanese society. She is determined to be a """"real Japanese"""" before her year contract runs out, though it precisely this determination that is incompatable with Japanese humility. Though she is hired for a choice position as a translator at an import/export firm, her inability to understand Japanese cultural norms results in increasingly humiliating demotions. Though Amelie secretly adulates her, her immediate supervisor takes sadistic pleasure in belittling her all along. She finally manages to break Amelie's will by making her the bathroom attendant, and is delighted when Amelie tells her the she will not renew her contract. Amelie realizes that she is finally a real Japanese when she enters the company president's office """"with fear and trembling,"""" which could only be possible because her determination was broken by Miss Fubuki's systematic torture."",/42IOjOSnZAfXIKMtfI7alpLEMmX.jpg,""JP, FR"",0.0,107,""['fr', 'ja']"",Released,[],Stupeur et tremblements,FR,Stupeur et tremblements | 2003 | Fear and Trembling | Stupeur et tremblements,""Bison Katayama, Tarô Suwa"",""Kaori Tsuji, Sylvie Testud"",Alain Corneau,Alain Sarde,Amélie Nothomb,JP,FR,-,-,-,Bison Katayama,Tarô Suwa,-,-,-,Kaori Tsuji,Sylvie Testud,-,-,-,Alain Corneau,-,-,-,-,Alain Sarde,-,-,-,-,Amélie Nothomb,-,-,-,-,Comedy,Drama,-";;
"tt0318761,6.5,21821,Thumbsucker,2005,""Comedy,Drama"",0.0,en,""Justin Cobb, a teenager in suburban Oregon, copes with his thumb-sucking problem, romance, and his diagnosis with ADHD and subsequent experience using Ritalin."",/fBLjXNRkH0KuC5JEnGBUZx3SQw3.jpg,US,1919197.0,96,['en'],Released,['Bob Yari Productions'],Age Difficile Obscur,FR,Age Difficile Obscur | 2005 | Thumbsucker | Thumbsucker,""Keanu Reeves, Lou Taylor Pucci, Vincent D'Onofrio"",Tilda Swinton,Mike Mills,""Anthony Bregman, Bob Stephenson"",Walter Kirn,US,-,-,-,-,Keanu Reeves,Lou Taylor Pucci,Vincent D'Onofrio,-,-,Tilda Swinton,-,-,-,-,Mike Mills,-,-,-,-,Anthony Bregman,Bob Stephenson,-,-,-,Walter Kirn,-,-,-,-,Comedy,Drama,-";;
"tt0318780,6.6,400,Un monde presque paisible,2002,""Comedy,Drama,Romance"",0.0,fr,""Set during the largely unexplored period immediately following World War II, the film follows a group of mostly Jewish Parisians who attempt to restart their lives and rekindle their capacity for happiness in the shadow of unspeakable horrors. Variety called it """"thoroughly charming. Sad, gentle, and funny in the best French tradition of high quality cinema."""" A film by Marcelo Gomes"",/6a9FYJm2LnFlV9bxUrqiVg0s7gS.jpg,FR,0.0,94,['fr'],Released,['Eléfilm'],Un monde presque paisible,FR,Un monde presque paisible | 2002 | Un monde presque paisible | Un monde presque paisible,""Simon Abkarian, Vincent Elbaz"",""Lubna Azabal, Zabou Breitman"",Michel Deville,-,""Robert Bober, Rosalinde Deville"",FR,-,-,-,-,Simon Abkarian,Vincent Elbaz,-,-,-,Lubna Azabal,Zabou Breitman,-,-,-,Michel Deville,-,-,-,-,-,-,-,-,-,Robert Bober,Rosalinde Deville,-,-,-,Comedy,Drama,Romance";;
"tt0318819,6.6,1378,WXIII: Patlabor the Movie 3,2001,""Action,Animation,Crime"",0.0,ja,""Set in the year 2000 (between the events of Patlabor and Patlabor 2), when the level of Labor accidents begin to escalate around Tokyo Bay, police detectives Kusumi and Hata are assigned to investigate. What they discover leads to a series of government cover-ups, conspiracy concerning a new biological weapon entitled WXIII-Wasted Thirteen and a tragic, personal connection to Hata. The only hope to stop this threat is to cooperate with the military and lead WXIII into a showdown with the Labors of Special Vehicle Division 2."",/uH6xNGaiA7QHlmKWQUh4mSF8d65.jpg,JP,0.0,107,['ja'],Released,""['Bandai Digital Entertainment', 'Emotion', 'Headgear', 'Madhouse', 'Omnibus Japan']"",Patlabor 3,FR,Patlabor 3 | 2001 | WXIII: Patlabor | WXIII: Patlabor the Movie 3,""Hiroaki Hirata, Katsuhiko Watabiki, Ryûnosuke Ôbayashi"",Atsuko Tanaka,""Fumihiko Takayama, Takuji Endo"",Masahiro Fukushima,""Masami Yûki, Miki Tori, Richard Epcar"",JP,-,-,-,-,Hiroaki Hirata,Katsuhiko Watabiki,Ryûnosuke Ôbayashi,-,-,Atsuko Tanaka,-,-,-,-,Fumihiko Takayama,Takuji Endo,-,-,-,Masahiro Fukushima,-,-,-,-,Masami Yûki,Miki Tori,Richard Epcar,-,-,Action,Animation,Crime";;
"tt0318974,6.0,21935,The Alamo,2004,""Drama,History,War"",145000000.0,en,""Based on the 1836 standoff between a group of Texan and Tejano men, led by Davy Crockett and Jim Bowie, and Mexican dictator Santa Anna's forces at the Alamo in San Antonio, Texas."",/aZrWYkxCCwSPKp4VjVvn46uHbIX.jpg,US,25819961.0,137,""['en', 'es']"",Released,""['Imagine Entertainment', 'Touchstone Pictures']"",Alamo,FR,Alamo | 2004 | The Alamo | The Alamo,""Billy Bob Thornton, Dennis Quaid, Emilio Echevarría, Jason Patric"",-,John Lee Hancock,""Mark Johnson, Ron Howard"",""Leslie Bohem, Stephen Gaghan"",US,-,-,-,-,Billy Bob Thornton,Dennis Quaid,Emilio Echevarría,Jason Patric,-,-,-,-,-,-,John Lee Hancock,-,-,-,-,Mark Johnson,Ron Howard,-,-,-,Leslie Bohem,Stephen Gaghan,-,-,-,Drama,History,War";;
"tt0318988,6.2,358,Ana y los otros,2003,Drama,0.0,es,""Twenty-something Ana, now living in Buenos Aires, returns to her native city of Paraná. She meets old school mates, old friends, makes new ones, and starts to rethink her life, and perhaps change her future."",/htO5ncBS7K2OPg9IfT4C8GU3K6x.jpg,AR,0.0,80,['es'],Released,['Stardis Pictures'],Ana et les Autres,FR,Ana et les Autres | 2003 | Ana and the Others | Ana y los otros,""Ignacio Uslenghi, Juan Cruz Díaz la Barba"",""Camila Toker, Natacha Massera"",Celina Murga,Carolina Konstantinovsky,-,AR,-,-,-,-,Ignacio Uslenghi,Juan Cruz Díaz la Barba,-,-,-,Camila Toker,Natacha Massera,-,-,-,Celina Murga,-,-,-,-,Carolina Konstantinovsky,-,-,-,-,-,-,-,-,-,Drama,-,-";;
"tt0319056,6.3,718,Between Two Women,2003,Drama,0.0,en,""Set in a Yorkshire milltown in 1957, Ellen Hardy is unhappily married but is close to her ten-year-old son, Victor. The family has recently moved house and Victor has started at a new school where Ellen has become friendly with his teacher, Kathy Thompson, who is keen to encourage him at art. As the friendship between the two women grows, Ellen's millworker husband, Hardy, feels increasingly alienated at home."",/6zVkvlvZkXlQjhBoRWHCQF4c3QL.jpg,GB,0.0,92,['en'],Released,['North Country Pictures Ltd.'],Between Two Women,FR,Between Two Women | 2003 | Between Two Women | Between Two Women,""Andrew Dunn, Edward Woodcock"",""Andrina Carroll, Barbara Marten"",Steven Woodcock,-,-,GB,-,-,-,-,Andrew Dunn,Edward Woodcock,-,-,-,Andrina Carroll,Barbara Marten,-,-,-,Steven Woodcock,-,-,-,-,-,-,-,-,-,-,-,-,-,-,Drama,-,-";;
"tt0319061,8.0,453099,Big Fish,2003,""Adventure,Drama,Fantasy"",70000000.0,en,""Throughout his life Edward Bloom has always been a man of big appetites, enormous passions and tall tales. In his later years, he remains a huge mystery to his son, William. Now, to get to know the real man, Will begins piecing together a true picture of his father from flashbacks of his amazing adventures."",/tjK063yCgaBAluVU72rZ6PKPH2l.jpg,US,123218424.0,125,['en'],Released,""['Columbia Pictures', 'The Zanuck Company', 'Jinks/Cohen Company', 'Tim Burton Productions']"",Big Fish,FR,Big Fish | 2003 | Big Fish | Big Fish,""Albert Finney, Billy Crudup, Ewan McGregor"",Jessica Lange,Tim Burton,""Bruce Cohen, Dan Jinks, Richard D. Zanuck"",""Daniel Wallace, John August"",US,-,-,-,-,Albert Finney,Billy Crudup,Ewan McGregor,-,-,Jessica Lange,-,-,-,-,Tim Burton,-,-,-,-,Bruce Cohen,Dan Jinks,Richard D. Zanuck,-,-,Daniel Wallace,John August,-,-,-,Adventure,Drama,Fantasy";;
"tt0319147,6.5,1252,Casomai,2002,""Comedy,Romance"",0.0,it,-,/wmpbnyH5Ic9mZslnk7k8HcydlDc.jpg,IT,0.0,114,['it'],Released,[],Au cas où,FR,Au cas où | 2002 | Casomai | Casomai,""Fabio Volo, Gennaro Nunziante, Mino Manni"",Stefania Rocca,Alessandro D'Alatri,Marco Valsania,Anna Pavignano,IT,-,-,-,-,Fabio Volo,Gennaro Nunziante,Mino Manni,-,-,Stefania Rocca,-,-,-,-,Alessandro D'Alatri,-,-,-,-,Marco Valsania,-,-,-,-,Anna Pavignano,-,-,-,-,Comedy,Romance,-";;
"tt0319237,6.7,1077,Il cuore altrove,2003,""Comedy,Drama,Romance"",0.0,it,""Rome, 1929. The Pope's tailor sends his only son, 35-year-old virgin Nello, to more liberal Bologna hoping he'll find a wife. His head brimming with ideas on romantic love induced by classical poetry, Nello falls for Angela, a beautiful blind woman who indulges him only to win back her fiancé."",/6Fe77jXvkoDERdFNkBdrkV08Vvy.jpg,IT,0.0,107,['it'],Released,""['Duea Film', 'RAI Cinema']"",Un coeur ailleurs,FR,Un coeur ailleurs | 2003 | Incantato | Il cuore altrove,""Giancarlo Giannini, Neri Marcorè, Nino D'Angelo"",Vanessa Incontrada,Pupi Avati,Antonio Avati,-,IT,-,-,-,-,Giancarlo Giannini,Neri Marcorè,Nino D'Angelo,-,-,Vanessa Incontrada,-,-,-,-,Pupi Avati,-,-,-,-,Antonio Avati,-,-,-,-,-,-,-,-,-,Comedy,Drama,Romance";;
"tt0319262,6.5,467502,The Day After Tomorrow,2004,""Action,Adventure,Sci-Fi"",125000000.0,en,""After years of increases in the greenhouse effect,  havoc is wreaked globally in the form of catastrophic hurricanes, tornadoes, tidal waves, floods and the beginning of a new Ice Age. Paleoclimatologist, Jack Hall tries to warn the world while also shepherding to safety his son, trapped in New York after the city is overwhelmed by the start of the new big freeze."",/kNKy8eJemg6sCAMBgh4xrD0lleX.jpg,US,552639571.0,124,""['en', 'ja', 'fr', 'ar', 'es']"",Released,""['The Mark Gordon Company', """"Mel's Cite du Cinema"""", 'Lions Gate Films', 'Centropolis Entertainment', '20th Century Fox']"",Le jour d'après,FR,Le jour d'après | 2004 | The Day After Tomorrow | The Day After Tomorrow,""Dash Mihok, Dennis Quaid, Jake Gyllenhaal"",Emmy Rossum,Roland Emmerich,Mark Gordon,Jeffrey Nachmanoff,US,-,-,-,-,Dash Mihok,Dennis Quaid,Jake Gyllenhaal,-,-,Emmy Rossum,-,-,-,-,Roland Emmerich,-,-,-,-,Mark Gordon,-,-,-,-,Jeffrey Nachmanoff,-,-,-,-,Action,Adventure,Sci-Fi";;
"tt0319343,7.1,291158,Elf,2003,""Adventure,Comedy,Family"",32000000.0,en,""When young Buddy falls into Santa's gift sack on Christmas Eve, he's transported back to the North Pole and raised as a toy-making elf by Santa's helpers. But as he grows into adulthood, he can't shake the nagging feeling that he doesn't belong. Buddy vows to visit Manhattan and find his real dad, a workaholic publisher."",/oOleziEempUPu96jkGs0Pj6tKxj.jpg,US,225097437.0,97,['en'],Released,""['New Line Cinema', 'Guy Walks into a Bar Productions']"",Elfe,FR,Elfe | 2003 | Elf | Elf,""Bob Newhart, James Caan, Will Ferrell"",Zooey Deschanel,Jon Favreau,""Jon Berg, Shauna Robertson, Todd Komarnicki"",David Berenbaum,US,-,-,-,-,Bob Newhart,James Caan,Will Ferrell,-,-,Zooey Deschanel,-,-,-,-,Jon Favreau,-,-,-,-,Jon Berg,Shauna Robertson,Todd Komarnicki,-,-,David Berenbaum,-,-,-,-,Adventure,Comedy,Family";;
"tt0319524,5.6,9901,How to Deal,2003,""Comedy,Drama,Romance"",0.0,en,Halley is convinced true love doesn't exist based on the crazy relationships around her. Her mother is divorcing her father who is dating a younger woman Halley can't stand. Her crazed sister is planning a wedding but has second thoughts and her best friend has fallen madly in love for the first time leaving Halley to feel even more alone.,/pD87iTm4MP7JNcxIUssAbpri8nF.jpg,US,0.0,99,['en'],Released,""['Focus Features', 'Golden Mean', 'Radar Pictures']"",How to Deal,FR,How to Deal | 2003 | How to Deal | How to Deal,""Dylan Baker, Trent Ford"",""Allison Janney, Mandy Moore"",Clare Kilner,""Erica Huggins, William Teitler"",""Neena Beber, Sarah Dessen"",US,-,-,-,-,Dylan Baker,Trent Ford,-,-,-,Allison Janney,Mandy Moore,-,-,-,Clare Kilner,-,-,-,-,Erica Huggins,William Teitler,-,-,-,Neena Beber,Sarah Dessen,-,-,-,Comedy,Drama,Romance";;
"tt0319531,5.8,8890,I'll Sleep When I'm Dead,2003,""Crime,Drama,Mystery"",0.0,en,""Will Graham, a former London crime boss who has left his former life to live as a recluse in the forest. Haunted by the blood of those he has murdered, Will wishes never to return. But when his brother commits suicide, following a sexual assault at the hands of a volatile car dealer, Will returns to London to discover the cause of his brother's death and administer justice to those responsible."",/azbXPYe22TpcxNOkLZNjtN84olR.jpg,""GB, US"",490964.0,97,['en'],Released,""['Franchise Pictures', 'Samaha Productions']"",Seule la mort peut m'arrêter,FR,Seule la mort peut m'arrêter | 2003 | I'll Sleep When I'm Dead | I'll Sleep When I'm Dead,""Clive Owen, Jonathan Rhys Meyers, Malcolm McDowell"",Charlotte Rampling,Mike Hodges,""Michael Corrente, Mike Kaplan"",Trevor Preston,GB,US,-,-,-,Clive Owen,Jonathan Rhys Meyers,Malcolm McDowell,-,-,Charlotte Rampling,-,-,-,-,Mike Hodges,-,-,-,-,Michael Corrente,Mike Kaplan,-,-,-,Trevor Preston,-,-,-,-,Crime,Drama,Mystery";;
"tt0319769,7.5,15160,Los lunes al sol,2002,""Comedy,Drama"",4000000.0,es,""After the closure of their shipyard in Northern Spain, a few former workers: Santa, José, Lino, Amador, Sergei and Reina keep in touch. They meet mainly at a bar owned by their former colleague Rico. Santa is the most superficially confident and unofficial leader of the group. A court case hangs over him relating to a shipyard lamp he smashed during a protest against the closure. José is bitter that his wife, Ana, is employed when he is not."",/4BlI5weSiYUU1YnjqdaPLnOzc3Z.jpg,ES,146402.0,113,""['es', 'de']"",Released,""['Sogepaq', 'Elías Querejeta P. C.', 'Mediapro', 'Quo Vadis Cinéma', 'Eyescreen S.r.l.', 'Vía Digital', 'Eurimages', 'Continental Producciones', 'ICAA', 'TVG', 'Atresmedia']"",Les lundis au soleil,FR,Les lundis au soleil | 2002 | Mondays in the Sun | Los lunes al sol,""Javier Bardem, José Ángel Egido, Luis Tosar"",Nieve de Medina,Fernando León de Aranoa,""Elías Querejeta, Jaume Roures"",Ignacio del Moral,ES,-,-,-,-,Javier Bardem,José Ángel Egido,Luis Tosar,-,-,Nieve de Medina,-,-,-,-,Fernando León de Aranoa,-,-,-,-,Elías Querejeta,Jaume Roures,-,-,-,Ignacio del Moral,-,-,-,-,Comedy,Drama,-";;
"tt0319821,7.1,314,Maria,2003,""Comedy,Drama"",0.0,ro,""When a child steals candles from the cemetery, in order to provide some light means for his family sheltered into a damp basement of a block of flats, this circumstance can say a lot about the sufferance imposed by transition period of time in Romania. This child is one of the seven that Maria has got. She is a 33 years old ordinary woman, whose husband (Ion) is unemployed and has become a drunkard and violently acting, maybe because of his despairing and lack of prospective."",/hufNLFnicp7Aod4KMjGp9u7XHWj.jpg,""DE, RO, FR"",0.0,97,""['en', 'fr', 'ro', 'ru']"",Released,['Artis Film'],Maria,FR,Maria | 2003 | Maria | Maria,""Horatiu Malaele, Serban Ionescu"",""Diana Dumbrava, Luminita Gheorghiu"",Cãlin Peter Netzer,Cornelia Palos,Gordan Mihic,DE,RO,FR,-,-,Horatiu Malaele,Serban Ionescu,-,-,-,Diana Dumbrava,Luminita Gheorghiu,-,-,-,Cãlin Peter Netzer,-,-,-,-,Cornelia Palos,-,-,-,-,Gordan Mihic,-,-,-,-,Comedy,Drama,-";;
"tt0319836,8.4,4198,Matir Moina,2002,""Drama,History"",0.0,bn,""A family must come to grips with its culture, its faith, and the brutal political changes entering its small-town world."",/lpuRN4Gh2jiKhwZeHEsKjgoHZ83.jpg,BD,0.0,98,['bn'],Released,['Audiovision'],L'oiseau d'argile,FR,L'oiseau d'argile | 2002 | The Clay Bird | Matir Moina,""Jayanto Chattopadhyay, Nurul Islam Bablu, Russell Farazi"",Rokeya Prachy,Tareque Masud,Marin Karmitz,Catherine Masud,BD,-,-,-,-,Jayanto Chattopadhyay,Nurul Islam Bablu,Russell Farazi,-,-,Rokeya Prachy,-,-,-,-,Tareque Masud,-,-,-,-,Marin Karmitz,-,-,-,-,Catherine Masud,-,-,-,-,Drama,History,-";;
"tt0320042,7.1,3653,Kamchatka,2002,Drama,0.0,es,""In 1976, Argentina fell into the hands of a de facto government. Thousands of citizens are persecuted and kidnapped. This is the case of the parents of two children, who, knowing they are wanted, decide to hide."",/aUoCYwKemEGQZkIWzs0M7Q9VKgD.jpg,""AR, ES"",0.0,106,['es'],Released,""['Alquimia Films', 'Patagonik']"",Kamchatka,FR,Kamchatka | 2002 | Kamchatka | Kamchatka,""Héctor Alterio, Ricardo Darín"",""Cecilia Roth, Fernanda Mistral"",Marcelo Piñeyro,""Francisco Ramos, Pablo Bossi, Pedro D'Angelo, Óscar Kramer"",Marcelo Figueras,AR,ES,-,-,-,Héctor Alterio,Ricardo Darín,-,-,-,Cecilia Roth,Fernanda Mistral,-,-,-,Marcelo Piñeyro,-,-,-,-,Francisco Ramos,Pablo Bossi,Pedro D'Angelo,Óscar Kramer,-,Marcelo Figueras,-,-,-,-,Drama,-,-";;
"tt0320193,7.8,10140,Oasiseu,2002,""Drama,Romance"",0.0,ko,A young man released from prison visits the widow of the man he killed drunk-driving and becomes infatuated with his cerebral palsy-stricken daughter.,/aaajiBpeBVbVwovpSQKaMfKRGKw.jpg,KR,0.0,132,['ko'],Released,""['UniKorea Pictures', 'Dream Venture Capital', 'East Film', 'CJ Entertainment']"",Oasis,FR,Oasis | 2002 | Oasis | Oasiseu,""Ahn Nae-sang, Seung-wan Ryu, Sol Kyung-gu"",Moon So-ri,Lee Chang-dong,""Gye-nam Myeong, Jeon Jay, Min-cheul Cho"",-,KR,-,-,-,-,Ahn Nae-sang,Seung-wan Ryu,Sol Kyung-gu,-,-,Moon So-ri,-,-,-,-,Lee Chang-dong,-,-,-,-,Gye-nam Myeong,Jeon Jay,Min-cheul Cho,-,-,-,-,-,-,-,Drama,Romance,-";;
"tt0320194,7.5,2560,Occident,2002,""Comedy,Romance"",0.0,ro,""""""Occident"""" is a bitter comedy about the people who want to emigrate from Romania, and about those who stay behind. The movie has a rich, interesting structure: there are three different stories - a weeklong in the film - that cross, interconnect and happen in the same period. The characters influence each others lives, sometimes even without knowing. Main characters from one story become secondary characters in another story. At the same time, scenes from the first part of the movie bring unexpected facts when seen the second or the third time. The stories do not have just one ending: the first story ends in each of the third parts in a different point, suggesting radically different solutions for the characters. The way in which the director fits time and links events together often produces thematically unexpected results."",/7tFMdgCfpbtsNOJ1ILTkQNU2xnl.jpg,RO,0.0,105,['ro'],Released,['Temple Film'],L'occident,FR,L'occident | 2002 | Occident | Occident,""Alexandru Papadopol, Samuel Tastet"",""Anca Androne, Tania Popa"",Cristian Mungiu,-,-,RO,-,-,-,-,Alexandru Papadopol,Samuel Tastet,-,-,-,Anca Androne,Tania Popa,-,-,-,Cristian Mungiu,-,-,-,-,-,-,-,-,-,-,-,-,-,-,Comedy,Romance,-";;
"tt0320661,7.2,304472,Kingdom of Heaven,2005,""Action,Adventure,Drama"",130000000.0,en,""After his wife dies, a blacksmith named Balian is thrust into royalty, political intrigue and bloody holy wars during the Crusades."",/uk55nBEFIQFveIiy9jvLGiVtk4h.jpg,""DE, ES, GB, US"",218122627.0,144,""['ar', 'en', 'it', 'la']"",Released,""['Scott Free Productions', 'BK', 'KOH', 'Reino del Cielo', 'Inside Track 3', '20th Century Fox', 'Babelsberg Film']"",Kingdom of Heaven,FR,Kingdom of Heaven | 2005 | Kingdom of Heaven | Kingdom of Heaven,""Liam Neeson, Martin Hancock, Orlando Bloom"",Eva Green,Ridley Scott,-,William Monahan,DE,ES,GB,US,-,Liam Neeson,Martin Hancock,Orlando Bloom,-,-,Eva Green,-,-,-,-,Ridley Scott,-,-,-,-,-,-,-,-,-,William Monahan,-,-,-,-,Action,Adventure,Drama";;
"tt0320691,7.0,280969,Underworld,2003,""Action,Fantasy,Thriller"",22000000.0,en,""Vampires and werewolves have waged a nocturnal war against each other for centuries. But all bets are off when a female vampire warrior named Selene, who's famous for her strength and werewolf-hunting prowess, becomes smitten with a peace-loving male werewolf, Michael, who wants to end the war."",/zsnQ41UZ3jo1wEeemF0eA9cAIU0.jpg,""DE, HU, GB, US"",95708457.0,122,['en'],Released,""['Screen Gems', 'Lakeshore Entertainment', 'Laurinfilm', 'Subterranean Productions LLC', 'Subterranean Productions UK Ltd.', 'Underworld Produktions GmbH']"",Underworld,FR,Underworld | 2003 | Underworld | Underworld,""Michael Sheen, Scott Speedman, Shane Brolly"",Kate Beckinsale,Len Wiseman,""Gary Lucchesi, Richard S. Wright, Tom Rosenberg"",""Danny McBride, Kevin Grevioux"",DE,HU,GB,US,-,Michael Sheen,Scott Speedman,Shane Brolly,-,-,Kate Beckinsale,-,-,-,-,Len Wiseman,-,-,-,-,Gary Lucchesi,Richard S. Wright,Tom Rosenberg,-,-,Danny McBride,Kevin Grevioux,-,-,-,Action,Fantasy,Thriller";;
"tt0321440,6.1,1147,Bienvenue chez les Rozes,2003,Comedy,0.0,fr,""Two ex-convicts, MG and Gilbert find refuge in a charming middle-class house whose couple is about to celebrate its 20-year old marriage. Our duo has no other solution than to take this entire brood in hostage. But, contrary to all expectations, they are warmly greeted by the occupants who don't think twice before helping them, they are even ready to put their guests off, even to kill them if necessary..."",/pigSG3zhAXxc3CUdQByx4wFcjkB.jpg,FR,0.0,90,['fr'],Released,""['TF1 Films Production', 'Téléma Productions', 'TPS Star']"",Bienvenue chez les Rozes,FR,Bienvenue chez les Rozes | 2003 | Welcome to the Roses | Bienvenue chez les Rozes,""André Wilms, Jean Dujardin, Lorànt Deutsch"",Clémence Poésy,Francis Palluau,Charles Gassot,-,FR,-,-,-,-,André Wilms,Jean Dujardin,Lorànt Deutsch,-,-,Clémence Poésy,-,-,-,-,Francis Palluau,-,-,-,-,Charles Gassot,-,-,-,-,-,-,-,-,-,Comedy,-,-";;
"tt0321473,5.6,890,Blueprint,2003,""Drama,Sci-Fi"",0.0,de,""The story of the first cloned human being - told in her own words: At the age of thirty the world-famous composer Iris Sellin learns that she has an incurable illness. She - a person who wanted to live for ever - does however not give in. In order to preserve her art and also herself, beyond death, for all posterity, she has herself cloned. Her daughter Siri, whom, in this way, she turns into her virtual twin, learns as a child that she is the world's first cloned human being. In fact a blueprint: a blueprint of her mother. From that moment on nothing is as it was before..."",/1FE5mDwSXw7h9HuB8fWgfJ83l3.jpg,DE,0.0,108,['de'],Released,['Relevant Film'],Blueprint,FR,Blueprint | 2003 | Blueprint | Blueprint,""Hilmir Snær Guðnason, Ulrich Thomsen"",""Franka Potente, Katja Studt"",Rolf Schübel,""Andrea Terres, Nikola Bock"",""Charlotte Kerner, Claus Cornelius Fischer"",DE,-,-,-,-,Hilmir Snær Guðnason,Ulrich Thomsen,-,-,-,Franka Potente,Katja Studt,-,-,-,Rolf Schübel,-,-,-,-,Andrea Terres,Nikola Bock,-,-,-,Charlotte Kerner,Claus Cornelius Fischer,-,-,-,Drama,Sci-Fi,-";;
"tt0322177,6.9,482,Drengen der ville gøre det umulige,2002,""Animation,Family"",0.0,da,""When a boy child is stolen by bears who raise him as their own, his human parents hunt the bears in despair, and the boy is faced with the dilemma of who and what he is."",/5ydIf8lvCPwVymyOpmy5kbnA5n8.jpg,""DK, FR"",0.0,75,['da'],Released,""['France 3 Cinéma', 'Les Armateurs', 'Dansk Tegnefilm']"",L'enfant qui voulait être un ours,FR,L'enfant qui voulait être un ours | 2002 | The Boy Who Wanted to Be a Bear | Drengen der ville gøre det umulige,""Joachim Boje Helvang, Marlon Vilstrup, Otto Brandenburg"",Paprika Steen,Jannik Hastrup,""Didier Brunner, Marie Bro"",""Bent Haller, Michel Fessler, Tom Wayland"",DK,FR,-,-,-,Joachim Boje Helvang,Marlon Vilstrup,Otto Brandenburg,-,-,Paprika Steen,-,-,-,-,Jannik Hastrup,-,-,-,-,Didier Brunner,Marie Bro,-,-,-,Bent Haller,Michel Fessler,Tom Wayland,-,-,Animation,Family,-";;
"tt0322259,5.9,290884,2 Fast 2 Furious,2003,""Action,Crime,Thriller"",76000000.0,en,""It's a major double-cross when former police officer Brian O'Conner teams up with his ex-con buddy Roman Pearce to transport a shipment of """"dirty"""" money for shady Miami-based import-export dealer Carter Verone. But the guys are actually working with undercover agent Monica Fuentes to bring Verone down."",/6nDZExrDKIXvSAghsFKVFRVJuSf.jpg,""DE, US"",236350661.0,108,""['en', 'es']"",Released,""['Ardustry Entertainment', 'Mikona Productions GmbH & Co. KG', 'Original Film', 'Universal Pictures']"",2 Fast 2 Furious,FR,2 Fast 2 Furious | 2003 | 2 Fast 2 Furious | 2 Fast 2 Furious,""Cole Hauser, Paul Walker, Tyrese Gibson"",Eva Mendes,John Singleton,Neal H. Moritz,""Derek Haas, Gary Scott Thompson, Michael Brandt"",DE,US,-,-,-,Cole Hauser,Paul Walker,Tyrese Gibson,-,-,Eva Mendes,-,-,-,-,John Singleton,-,-,-,-,Neal H. Moritz,-,-,-,-,Derek Haas,Gary Scott Thompson,Michael Brandt,-,-,Action,Crime,Thriller";;
"tt0322289,6.4,3511,La fleur du mal,2003,""Drama,Thriller"",0.0,fr,""Three generations of a wealthy Bordeaux family are caught in the crossfire when Anne decides to run for mayor, thanks to a political pamphlet that revives an old murder scandal."",/kbOV3t9rQMkLaARTkb4DumTdJdw.jpg,FR,0.0,104,""['fr', 'it']"",Released,[],La fleur du mal,FR,La fleur du mal | 2003 | The Flower of Evil | La fleur du mal,Benoît Magimel,""Mélanie Doutey, Nathalie Baye, Suzanne Flon"",Claude Chabrol,Marin Karmitz,""Caroline Eliacheff, Louise L. Lambrichs"",FR,-,-,-,-,Benoît Magimel,-,-,-,-,Mélanie Doutey,Nathalie Baye,Suzanne Flon,-,-,Claude Chabrol,-,-,-,-,Marin Karmitz,-,-,-,-,Caroline Eliacheff,Louise L. Lambrichs,-,-,-,Drama,Thriller,-";;
"tt0322330,6.3,148724,Freaky Friday,2003,""Comedy,Family,Fantasy"",26000000.0,en,""Mother and daughter bicker over everything -- what Anna wears, whom she likes and what she wants to do when she's older. In turn, Anna detests Tess's fiancé. When a magical fortune cookie switches their personalities, they each get a peek at how the other person feels, thinks and lives."",/ipKcZ4Up7dp18XpsfYUc9NKZy3g.jpg,US,160846332.0,97,""['zh', 'en']"",Released,""['Casual Friday Productions', 'Gunn Films', 'Walt Disney Pictures']"",Freaky friday - Dans la peau de ma mère,FR,Freaky friday - Dans la peau de ma mère | 2003 | Freaky Friday | Freaky Friday,""Harold Gould, Mark Harmon"",""Jamie Lee Curtis, Lindsay Lohan"",Mark Waters,Andrew Gunn,""Heather Hach, Leslie Dixon, Mary Rodgers"",US,-,-,-,-,Harold Gould,Mark Harmon,-,-,-,Jamie Lee Curtis,Lindsay Lohan,-,-,-,Mark Waters,-,-,-,-,Andrew Gunn,-,-,-,-,Heather Hach,Leslie Dixon,Mary Rodgers,-,-,Comedy,Family,Fantasy";;
"tt0322420,7.5,13297,Zivot je cudo,2004,""Comedy,Drama,Music"",8000000.0,sr,""Set during the Bosnian war in the early 1990s, Luka is a mild-mannered railway clerk whose life is turned upside down, not just by the outbreak of the war, but when his wife runs off with a local musician. Then Luka's son is conscripted and eventually captured in the fighting. To recover his son, Luka is commanded to guard a pretty young Muslim nurse who will be used in a hostage swapping operation."",/wyPG79yFyq0zj4qWXD2CkCj0nTJ.jpg,""RS, FR, IT"",0.0,155,""['en', 'de', 'hu', 'sr']"",Released,""['Les Films Alain Sarde', 'StudioCanal', 'Rasta Film', 'Rasta Films']"",La vie est un miracle!,FR,La vie est un miracle! | 2004 | Life Is a Miracle | Zivot je cudo,""Slavko Stimac, Vuk Kostic"",""Natasa Tapuskovic, Vesna Trivalic"",Emir Kusturica,""Alain Sarde, Maja Kusturica"",Ranko Bozic,RS,FR,IT,-,-,Slavko Stimac,Vuk Kostic,-,-,-,Natasa Tapuskovic,Vesna Trivalic,-,-,-,Emir Kusturica,-,-,-,-,Alain Sarde,Maja Kusturica,-,-,-,Ranko Bozic,-,-,-,-,Comedy,Drama,Music";;
"tt0322423,6.7,330,Glosniej od bomb,2001,""Comedy,Drama,Romance"",-,-,-,-,-,-,0,-,-,-,Plus fort que des bombes,FR,Plus fort que des bombes | 2001 | Louder Than Bombs | Glosniej od bomb,""Andrzej Galla, Rafal Mackowiak"",""Magdalena Schejbal, Sylwia Juszczak"",Przemyslaw Wojcieszek,""Monika Lenczewska, Pawel Rakowski"",-,-,-,-,-,-,Andrzej Galla,Rafal Mackowiak,-,-,-,Magdalena Schejbal,Sylwia Juszczak,-,-,-,Przemyslaw Wojcieszek,-,-,-,-,Monika Lenczewska,Pawel Rakowski,-,-,-,-,-,-,-,-,Comedy,Drama,Romance";;
"tt0322590,5.6,374,Honey Baby,2004,""Drama,Romance"",0.0,en,""An American, with a past as a successful musician, makes a living by playing at weddings and the likes in Germany. Then he gets an offer to tour in East Europe. During his travels he gets insight and finds true love."",/mw6JDDlPlUU387fzL4vZJ2uyrWM.jpg,""FI, DE, RU, LV"",0.0,103,""['de', 'lv', 'ru']"",Released,""['Eho Filma', 'Marianna Films', 'Slovo']"",Honey Baby,FR,Honey Baby | 2004 | Honey Baby | Honey Baby,""Helmut Berger, Henry Thomas, Kari Väänänen"",Irina Björklund,Mika Kaurismäki,""Elena Yatsura, Sergey Melkumov"",""Eike Goreczka, Ulrich Meyszies"",FI,DE,RU,LV,-,Helmut Berger,Henry Thomas,Kari Väänänen,-,-,Irina Björklund,-,-,-,-,Mika Kaurismäki,-,-,-,-,Elena Yatsura,Sergey Melkumov,-,-,-,Eike Goreczka,Ulrich Meyszies,-,-,-,Drama,Romance,-";;
"tt0322645,7.2,2760,Inuyasha - Toki wo koeru omoi,2001,""Action,Adventure,Animation"",10540.0,ja,""InuYasha is a half-demon who was trapped in the Legendary Tree and was set free by Kagome, a girl who traveled 500 years through time. This time, both of them will have to face Menomaru, a Chinese demon whose father, known as Hyoga, came 300 years ago to invade Japan, but was stopped by InuYasha's Father. InuYasha and Kagome, along with Sango, Miroku, Shippou, Kaede and Myoga, will try to stop Menomaru in his becoming the most powerful demon ever."",/geid1g2qQ4MuveUHVchrPfCkbX0.jpg,JP,0.0,99,['ja'],Released,""['SUNRISE', 'Mini Art']"",Inu Yasha - Au-delà du temps,FR,Inu Yasha - Au-delà du temps | 2001 | Inuyasha the Movie: Affections Touching Across Time | Inuyasha - Toki wo koeru omoi,""Kappei Yamaguchi, Kôji Tsujitani"",""Houko Kuwashima, Satsuki Yukino"",Toshiya Shinohara,-,""Katsuyuki Sumizawa, Rumiko Takahashi"",JP,-,-,-,-,Kappei Yamaguchi,Kôji Tsujitani,-,-,-,Houko Kuwashima,Satsuki Yukino,-,-,-,Toshiya Shinohara,-,-,-,-,-,-,-,-,-,Katsuyuki Sumizawa,Rumiko Takahashi,-,-,-,Action,Adventure,Animation";;
"tt0322645,7.2,2760,Inuyasha - Toki wo koeru omoi,2001,""Action,Adventure,Animation"",10540.0,ja,""InuYasha is a half-demon who was trapped in the Legendary Tree and was set free by Kagome, a girl who traveled 500 years through time. This time, both of them will have to face Menomaru, a Chinese demon whose father, known as Hyoga, came 300 years ago to invade Japan, but was stopped by InuYasha's Father. InuYasha and Kagome, along with Sango, Miroku, Shippou, Kaede and Myoga, will try to stop Menomaru in his becoming the most powerful demon ever."",/geid1g2qQ4MuveUHVchrPfCkbX0.jpg,JP,0.0,99,['ja'],Released,""['SUNRISE', 'Mini Art']"",""InuYasha, film 1 - Au-delà du temps"",FR,""InuYasha, film 1 - Au-delà du temps | 2001 | Inuyasha the Movie: Affections Touching Across Time | Inuyasha - Toki wo koeru omoi"",""Kappei Yamaguchi, Kôji Tsujitani"",""Houko Kuwashima, Satsuki Yukino"",Toshiya Shinohara,-,""Katsuyuki Sumizawa, Rumiko Takahashi"",JP,-,-,-,-,Kappei Yamaguchi,Kôji Tsujitani,-,-,-,Houko Kuwashima,Satsuki Yukino,-,-,-,Toshiya Shinohara,-,-,-,-,-,-,-,-,-,Katsuyuki Sumizawa,Rumiko Takahashi,-,-,-,Action,Adventure,Animation";;
"tt0322674,7.4,7163,De tweeling,2002,""Drama,Romance,War"",0.0,nl,""1920s Germany. Two sisters aged six years, no sooner see their remaining parent buried when they are torn apart. Lotte goes to live with her upper middle class Dutch aunt in Holland, Anna to work as a farm hand on her German uncle's rural farm. The World War II impacts each of their lives and finally in old age they meet again."",/wYVApv3A8cbQ6cIp04Su02nCvZ2.jpg,""LU, NL"",0.0,137,""['nl', 'en', 'fr', 'de', 'hu']"",Released,['IdtV Film & Video Productions'],Twin sisters,FR,Twin sisters | 2002 | Twin Sisters | De tweeling,-,""Ellen Vogel, Gudrun Okras, Nadja Uhl, Thekla Reuten"",Ben Sombogaart,""Anton Smit, Hanneke Niens"",""Marieke van der Pol, Tessa de Loo"",LU,NL,-,-,-,-,-,-,-,-,Ellen Vogel,Gudrun Okras,Nadja Uhl,Thekla Reuten,-,Ben Sombogaart,-,-,-,-,Anton Smit,Hanneke Niens,-,-,-,Marieke van der Pol,Tessa de Loo,-,-,-,Drama,Romance,War";;
"tt0322725,7.0,2880,L'imbalsamatore,2002,""Drama,Romance"",0.0,it,""Peppino is an aging taxidermist constantly ridiculed for being short and somewhat creepy. He meets Valerio, a handsome young man fascinated by Peppino's work. Peppino, in turn, becomes entranced by Valerio and offers him a large salary to come work as his assistant. But when Valerio meets Deborah, their fledgling romance is threatened by an insanely jealous third wheel."",/pT9Maaop1epDYWiXEO11NcuR25R.jpg,""BE, FR, IT"",384336.0,101,['it'],Released,""['Fandango', 'MiC', 'Cinemien', 'CINÉ CLASSIC', 'First Run Features', 'Four Ways Features', 'Intercinema Art Agency', 'Homescreen', 'Regione Lazio', 'Azienda Regionale per i Porti di Cremona e Mantova', 'BNL - Gruppo BNP Paribas', 'CDC-Sefit', 'CG Entertainment', 'Medusa Film', 'Medusa Distribuzione', 'Medusa Video', 'Medusa Cinematografica']"",L'étrange monsieur Peppino,FR,L'étrange monsieur Peppino | 2002 | The Embalmer | L'imbalsamatore,""Ernesto Mahieux, Valerio Foglia Manzillo"",""Elisabetta Rocchetti, Lina Bernardi"",Matteo Garrone,Domenico Procacci,""Massimo Gaudioso, Ugo Chiti"",BE,FR,IT,-,-,Ernesto Mahieux,Valerio Foglia Manzillo,-,-,-,Elisabetta Rocchetti,Lina Bernardi,-,-,-,Matteo Garrone,-,-,-,-,Domenico Procacci,-,-,-,-,Massimo Gaudioso,Ugo Chiti,-,-,-,Drama,Romance,-";;
"tt0322725,7.0,2880,L'imbalsamatore,2002,""Drama,Romance"",0.0,it,""Peppino is an aging taxidermist constantly ridiculed for being short and somewhat creepy. He meets Valerio, a handsome young man fascinated by Peppino's work. Peppino, in turn, becomes entranced by Valerio and offers him a large salary to come work as his assistant. But when Valerio meets Deborah, their fledgling romance is threatened by an insanely jealous third wheel."",/pT9Maaop1epDYWiXEO11NcuR25R.jpg,""BE, FR, IT"",384336.0,101,['it'],Released,""['Fandango', 'MiC', 'Cinemien', 'CINÉ CLASSIC', 'First Run Features', 'Four Ways Features', 'Intercinema Art Agency', 'Homescreen', 'Regione Lazio', 'Azienda Regionale per i Porti di Cremona e Mantova', 'BNL - Gruppo BNP Paribas', 'CDC-Sefit', 'CG Entertainment', 'Medusa Film', 'Medusa Distribuzione', 'Medusa Video', 'Medusa Cinematografica']"",L'embaumeur,FR,L'embaumeur | 2002 | The Embalmer | L'imbalsamatore,""Ernesto Mahieux, Valerio Foglia Manzillo"",""Elisabetta Rocchetti, Lina Bernardi"",Matteo Garrone,Domenico Procacci,""Massimo Gaudioso, Ugo Chiti"",BE,FR,IT,-,-,Ernesto Mahieux,Valerio Foglia Manzillo,-,-,-,Elisabetta Rocchetti,Lina Bernardi,-,-,-,Matteo Garrone,-,-,-,-,Domenico Procacci,-,-,-,-,Massimo Gaudioso,Ugo Chiti,-,-,-,Drama,Romance,-";;
"tt0322802,6.6,100642,Jackass: The Movie,2002,""Action,Comedy,Documentary"",5000000.0,en,""Johnny Knoxville and his band of maniacs perform a variety of stunts and gross-out gags on the big screen for the first time. They wander around Japan in panda outfits, wreak havoc on a once civilized golf course, they even do stunts involving LIVE alligators, and so on."",/9Rb659hvGfmef1xm0mMvDHEBqmf.jpg,US,64282312.0,88,['en'],Released,""['Lynch Siderow Productions', 'Dickhouse Productions', 'Paramount', 'MTV Films']"",Jackass: Le film,FR,Jackass: Le film | 2002 | Jackass: The Movie | Jackass: The Movie,-,-,Jeff Tremaine,-,""Dave England, Ehren McGhehey, Preston Lacy, Ryan Dunn, Spike Jonze"",US,-,-,-,-,-,-,-,-,-,-,-,-,-,-,Jeff Tremaine,-,-,-,-,-,-,-,-,-,Dave England,Ehren McGhehey,Preston Lacy,Ryan Dunn,Spike Jonze,Action,Comedy,Documentary";;
